Nome,Idade
Bereu,23
Bereu,23
Bereu,23
Bereu,23
Bereu,23
Bereu,23
Bereu,23
Bereu,23
Bereu,23
Bereu,23
Bereu,23
Bereu,23
Bereu,23
Bereu,23
Bereu,23
Bereu,23
Bereu,23
Bereu,23
Bereu,23
Bereu,23
Bereu,23
Bereu,23
Bereu,23
Bereu,23
Bereu,23
Bereu,23
Bereu,23
Bereu,23
Bereu,23
Bereu,23
Bereu,23
Bereu,23
Bereu,23
Bereu,23
Bereu,23
Bereu,23
Bereu,23
Bereu,23
Bereu,23
Bereu,23
Bereu,23
Bereu,23
Bereu,23
Bereu,23
Bereu,23
Bereu,23
Bereu,23
Bereu,23
Bereu,23
Bereu,23
Bereu,23
Bereu,23
Bereu,23
Bereu,23
Bereu,23
Bereu,23
Bereu,23
Bereu,23
Bereu,23
Bereu,23
Bereu,23
Bereu,23
Bereu,23
Bereu,23
Bereu,23
Bereu,23
Bereu,23
Bereu,23
Bereu,23
Bereu,23
Bereu,23
Bereu,23
Bereu,23
Bereu,23
Bereu,23
Bereu,23
Bereu,23
Bereu,23
Bereu,23
Bereu,23
Bereu,23
Bereu,23
Bereu,23
Bereu,23
Bereu,23
Bereu,23
Bereu,23
Bereu,23
Bereu,23
Bereu,23
Bereu,23
Bereu,23
Bereu,23
Bereu,23
Bereu,23
Bereu,23
Bereu,23
Bereu,23
Bereu,23
Bereu,23
Bereu,23
Bereu,23
Bereu,23
Bereu,23
Bereu,23
Bereu,23
Bereu,23
Bereu,23
Bereu,23
Bereu,23
Bereu,23
Bereu,23
Bereu,23
Bereu,23
Bereu,23
Bereu,23
Bereu,23
Bereu,23
Bereu,23
Bereu,23
Bereu,23
Bereu,23
Bereu,23
Bereu,23
Bereu,23
Bereu,23
Bereu,23
Bereu,23
Bereu,23
Bereu,23
Bereu,23
Bereu,23
Bereu,23
Bereu,23
Bereu,23
Bereu,23
Bereu,23
Bereu,23
Bereu,23
Bereu,23
Bereu,23
Bereu,23
Bereu,23
Bereu,23
Bereu,23
Bereu,23
Bereu,23
Bereu,23
Bereu,23
Bereu,23
Bereu,23
Bereu,23
Bereu,23
Bereu,23
Bereu,23
Bereu,23
Bereu,23
Bereu,23
Bereu,23
Bereu,23
Bereu,23
Bereu,23
Bereu,23
Bereu,23
Bereu,23
Bereu,23
Bereu,23
Bereu,23
Bereu,23
Bereu,23
Bereu,23
Bereu,23
Bereu,23
Bereu,23
Bereu,23
Bereu,23
Bereu,23
Bereu,23
Bereu,23
Bereu,23
Bereu,23
Bereu,23
Bereu,23
Bereu,23
Bereu,23
Bereu,23
Bereu,23
Bereu,23
Bereu,23
Bereu,23
Bereu,23
Bereu,23
Bereu,23
Bereu,23
Bereu,23
Bereu,23
Bereu,23
Bereu,23
Bereu,23
Bereu,23
Bereu,23
Bereu,23
Bereu,23
Bereu,23
Bereu,23
Bereu,23
Bereu,23
Bereu,23
Bereu,23
Bereu,23
Bereu,23
Bereu,23
Bereu,23
Bereu,23
Bereu,23
Bereu,23
Bereu,23
Bereu,23
Bereu,23
Bereu,23
Bereu,23
Bereu,23
Bereu,23
Bereu,23
Bereu,23
Bereu,23
Bereu,23
Bereu,23
Bereu,23
Bereu,23
Bereu,23
Bereu,23
Bereu,23
Bereu,23
Bereu,23
Bereu,23
Bereu,23
Bereu,23
Bereu,23
Bereu,23
Bereu,23
Bereu,23
Bereu,23
Bereu,23
Bereu,23
Bereu,23
Bereu,23
Bereu,23
Bereu,23
Bereu,23
Bereu,23
Bereu,23
Bereu,23
Bereu,23
Bereu,23
Bereu,23
Bereu,23
Bereu,23
Bereu,23
Bereu,23
Bereu,23
Bereu,23
Bereu,23
Bereu,23
Bereu,23
Bereu,23
Bereu,23
Bereu,23
Bereu,23
Bereu,23
Bereu,23
Bereu,23
Bereu,23
Bereu,23
Bereu,23
Bereu,23
Bereu,23
Bereu,23
Bereu,23
Bereu,23
Bereu,23
Bereu,23
Bereu,23
Bereu,23
Bereu,23
Bereu,23
Bereu,23
Bereu,23
Bereu,23
Bereu,23
Bereu,23
Bereu,23
Bereu,23
Bereu,23
Bereu,23
Bereu,23
Bereu,23
Bereu,23
Bereu,23
Bereu,23
Bereu,23
Bereu,23
Bereu,23
Bereu,23
Bereu,23
Bereu,23
Bereu,23
Bereu,23
Bereu,23
Bereu,23
Bereu,23
Bereu,23
Bereu,23
Bereu,23
Bereu,23
Bereu,23
Bereu,23
Bereu,23
Bereu,23
Bereu,23
Bereu,23
Bereu,23
Bereu,23
Bereu,23
Bereu,23
Bereu,23
Bereu,23
Bereu,23
Bereu,23
Bereu,23
Bereu,23
Bereu,23
Bereu,23
Bereu,23
Bereu,23
Bereu,23
Bereu,23
Bereu,23
Bereu,23
Bereu,23
Bereu,23
Bereu,23
Bereu,23
Bereu,23
Bereu,23
Bereu,23
Bereu,23
Bereu,23
Bereu,23
Bereu,23
Bereu,23
Bereu,23
Bereu,23
Bereu,23
Bereu,23
Bereu,23
Bereu,23
Bereu,23
Bereu,23
Bereu,23
Bereu,23
Bereu,23
Bereu,23
Bereu,23
Bereu,23
Bereu,23
Bereu,23
Bereu,23
Bereu,23
Bereu,23
Bereu,23
Bereu,23
Bereu,23
Bereu,23
Bereu,23
Bereu,23
Bereu,23
Bereu,23
Bereu,23
Bereu,23
Bereu,23
Bereu,23
Bereu,23
Bereu,23
Bereu,23
Bereu,23
Bereu,23
Bereu,23
Bereu,23
Bereu,23
Bereu,23
Bereu,23
Bereu,23
Bereu,23
Bereu,23
Bereu,23
Bereu,23
Bereu,23
Bereu,23
Bereu,23
Bereu,23
Bereu,23
Bereu,23
Bereu,23
Bereu,23
Bereu,23
Bereu,23
Bereu,23
Bereu,23
Bereu,23
Bereu,23
Bereu,23
Bereu,23
Bereu,23
Bereu,23
Bereu,23
Bereu,23
Bereu,23
Bereu,23
Bereu,23
Bereu,23
Bereu,23
Bereu,23
Bereu,23
Bereu,23
Bereu,23
Bereu,23
Bereu,23
Bereu,23
Bereu,23
Bereu,23
Bereu,23
Bereu,23
Bereu,23
Bereu,23
Bereu,23
Bereu,23
Bereu,23
Bereu,23
Bereu,23
Bereu,23
Bereu,23
Bereu,23
Bereu,23
Bereu,23
Bereu,23
Bereu,23
Bereu,23
Bereu,23
Bereu,23
Bereu,23
Bereu,23
Bereu,23
Bereu,23
Bereu,23
Bereu,23
Bereu,23
Bereu,23
Bereu,23
Bereu,23
Bereu,23
Bereu,23
Bereu,23
Bereu,23
Bereu,23
Bereu,23
Bereu,23
Bereu,23
Bereu,23
Bereu,23
Bereu,23
Bereu,23
Bereu,23
Bereu,23
Bereu,23
Bereu,23
Bereu,23
Bereu,23
Bereu,23
Bereu,23
Bereu,23
Bereu,23
Bereu,23
Bereu,23
Bereu,23
Bereu,23
Bereu,23
Bereu,23
Bereu,23
Bereu,23
Bereu,23
Bereu,23
Bereu,23
Bereu,23
Bereu,23
Bereu,23
Bereu,23
Bereu,23
Bereu,23
Bereu,23
Bereu,23
Bereu,23
Bereu,23
Bereu,23
Bereu,23
Bereu,23
Bereu,23
Bereu,23
Bereu,23
Bereu,23
Bereu,23
Bereu,23
Bereu,23
Bereu,23
Bereu,23
Bereu,23
Bereu,23
Bereu,23
Bereu,23
Bereu,23
Bereu,23
Bereu,23
Bereu,23
Bereu,23
Bereu,23
Bereu,23
Bereu,23
Bereu,23
Bereu,23
Bereu,23
Bereu,23
Bereu,23
Bereu,23
Bereu,23
Bereu,23
Bereu,23
Bereu,23
Bereu,23
Bereu,23
Bereu,23
Bereu,23
Bereu,23
Bereu,23
Bereu,23
Bereu,23
Bereu,23
Bereu,23
Bereu,23
Bereu,23
Bereu,23
Bereu,23
Bereu,23
Bereu,23
Bereu,23
Bereu,23
Bereu,23
Bereu,23
Bereu,23
Bereu,23
Bereu,23
Bereu,23
Bereu,23
Bereu,23
Bereu,23
Bereu,23
Bereu,23
Bereu,23
Bereu,23
Bereu,23
Bereu,23
Bereu,23
Bereu,23
Bereu,23
Bereu,23
Bereu,23
Bereu,23
Bereu,23
Bereu,23
Bereu,23
Bereu,23
Bereu,23
Bereu,23
Bereu,23
Bereu,23
Bereu,23
Bereu,23
Bereu,23
Bereu,23
Bereu,23
Bereu,23
Bereu,23
Bereu,23
Bereu,23
Bereu,23
Bereu,23
Bereu,23
Bereu,23
Bereu,23
Bereu,23
Bereu,23
Bereu,23
Bereu,23
Bereu,23
Bereu,23
Bereu,23
Bereu,23
Bereu,23
Bereu,23
Bereu,23
Bereu,23
Bereu,23
Bereu,23
Bereu,23
Bereu,23
Bereu,23
Bereu,23
Bereu,23
Bereu,23
Bereu,23
Bereu,23
Bereu,23
Bereu,23
Bereu,23
Bereu,23
Bereu,23
Bereu,23
Bereu,23
Bereu,23
Bereu,23
Bereu,23
Bereu,23
Bereu,23
Bereu,23
Bereu,23
Bereu,23
Bereu,23
Bereu,23
Bereu,23
Bereu,23
Bereu,23
Bereu,23
Bereu,23
Bereu,23
Bereu,23
Bereu,23
Bereu,23
Bereu,23
Bereu,23
Bereu,23
Bereu,23
Bereu,23
Bereu,23
Bereu,23
Bereu,23
Bereu,23
Bereu,23
Bereu,23
Bereu,23
Bereu,23
Bereu,23
Bereu,23
Bereu,23
Bereu,23
Bereu,23
Bereu,23
Bereu,23
Bereu,23
Bereu,23
Bereu,23
Bereu,23
Bereu,23
Bereu,23
Bereu,23
Bereu,23
Bereu,23
Bereu,23
Bereu,23
Bereu,23
Bereu,23
Bereu,23
Bereu,23
Bereu,23
Bereu,23
Bereu,23
Bereu,23
Bereu,23
Bereu,23
Bereu,23
Bereu,23
Bereu,23
Bereu,23
Bereu,23
Bereu,23
Bereu,23
Bereu,23
Bereu,23
Bereu,23
Bereu,23
Bereu,23
Bereu,23
Bereu,23
Bereu,23
Bereu,23
Bereu,23
Bereu,23
Bereu,23
Bereu,23
Bereu,23
Bereu,23
Bereu,23
Bereu,23
Bereu,23
Bereu,23
Bereu,23
Bereu,23
Bereu,23
Bereu,23
Bereu,23
Bereu,23
Bereu,23
Bereu,23
Bereu,23
Bereu,23
Bereu,23
Bereu,23
Bereu,23
Bereu,23
Bereu,23
Bereu,23
Bereu,23
Bereu,23
Bereu,23
Bereu,23
Bereu,23
Bereu,23
Bereu,23
Bereu,23
Bereu,23
Bereu,23
Bereu,23
Bereu,23
Bereu,23
Bereu,23
Bereu,23
Bereu,23
Bereu,23
Bereu,23
Bereu,23
Bereu,23
Bereu,23
Bereu,23
Bereu,23
Bereu,23
Bereu,23
Bereu,23
Bereu,23
Bereu,23
Bereu,23
Bereu,23
Bereu,23
Bereu,23
Bereu,23
Bereu,23
Bereu,23
Bereu,23
Bereu,23
Bereu,23
Bereu,23
Bereu,23
Bereu,23
Bereu,23
Bereu,23
Bereu,23
Bereu,23
Bereu,23
Bereu,23
Bereu,23
Bereu,23
Bereu,23
Bereu,23
Bereu,23
Bereu,23
Bereu,23
Bereu,23
Bereu,23
Bereu,23
Bereu,23
Bereu,23
Bereu,23
Bereu,23
Bereu,23
Bereu,23
Bereu,23
Bereu,23
Bereu,23
Bereu,23
Bereu,23
Bereu,23
Bereu,23
Bereu,23
Bereu,23
Bereu,23
Bereu,23
Bereu,23
Bereu,23
Bereu,23
Bereu,23
Bereu,23
Bereu,23
Bereu,23
Bereu,23
Bereu,23
Bereu,23
Bereu,23
Bereu,23
Bereu,23
Bereu,23
Bereu,23
Bereu,23
Bereu,23
Bereu,23
Bereu,23
Bereu,23
Bereu,23
Bereu,23
Bereu,23
Bereu,23
Bereu,23
Bereu,23
Bereu,23
Bereu,23
Bereu,23
Bereu,23
Bereu,23
Bereu,23
Bereu,23
Bereu,23
Bereu,23
Bereu,23
Bereu,23
Bereu,23
Bereu,23
Bereu,23
Bereu,23
Bereu,23
Bereu,23
Bereu,23
Bereu,23
Bereu,23
Bereu,23
Bereu,23
Bereu,23
Bereu,23
Bereu,23
Bereu,23
Bereu,23
Bereu,23
Bereu,23
Bereu,23
Bereu,23
Bereu,23
Bereu,23
Bereu,23
Bereu,23
Bereu,23
Bereu,23
Bereu,23
Bereu,23
Bereu,23
Bereu,23
Bereu,23
Bereu,23
Bereu,23
Bereu,23
Bereu,23
Bereu,23
Bereu,23
Bereu,23
Bereu,23
Bereu,23
Bereu,23
Bereu,23
Bereu,23
Bereu,23
Bereu,23
Bereu,23
Bereu,23
Bereu,23
Bereu,23
Bereu,23
Bereu,23
Bereu,23
Bereu,23
Bereu,23
Bereu,23
Bereu,23
Bereu,23
Bereu,23
Bereu,23
Bereu,23
Bereu,23
Bereu,23
Bereu,23
Bereu,23
Bereu,23
Bereu,23
Bereu,23
Bereu,23
Bereu,23
Bereu,23
Bereu,23
Bereu,23
Bereu,23
Bereu,23
Bereu,23
Bereu,23
Bereu,23
Bereu,23
Bereu,23
Bereu,23
Bereu,23
Bereu,23
Bereu,23
Bereu,23
Bereu,23
Bereu,23
Bereu,23
Bereu,23
Bereu,23
Bereu,23
Bereu,23
Bereu,23
Bereu,23
Bereu,23
Bereu,23
Bereu,23
Bereu,23
Bereu,23
Bereu,23
Bereu,23
Bereu,23
Bereu,23
Bereu,23
Bereu,23
Bereu,23
Bereu,23
Bereu,23
Bereu,23
Bereu,23
Bereu,23
Bereu,23
Bereu,23
Bereu,23
Bereu,23
Bereu,23
Bereu,23
Bereu,23
Bereu,23
Bereu,23
Bereu,23
Bereu,23
Bereu,23
Bereu,23
Bereu,23
Bereu,23
Bereu,23
Bereu,23
Bereu,23
Bereu,23
Bereu,23
Bereu,23
Bereu,23
Bereu,23
Bereu,23
Bereu,23
Bereu,23
Bereu,23
Bereu,23
Bereu,23
Bereu,23
Bereu,23
Bereu,23
Bereu,23
Bereu,23
Bereu,23
Bereu,23
Bereu,23
Bereu,23
Bereu,23
Bereu,23
Bereu,23
Bereu,23
Bereu,23
Bereu,23
Bereu,23
Bereu,23
Bereu,23
Bereu,23
Bereu,23
Bereu,23
Bereu,23
Bereu,23
Bereu,23
Bereu,23
Bereu,23
Bereu,23
Bereu,23
Bereu,23
Bereu,23
Bereu,23
Bereu,23
Bereu,23
Bereu,23
Bereu,23
Bereu,23
Bereu,23
Bereu,23
Bereu,23
Bereu,23
Bereu,23
Bereu,23
Bereu,23
Bereu,23
Bereu,23
Bereu,23
Bereu,23
Bereu,23
Bereu,23
Bereu,23
Bereu,23
Bereu,23
Bereu,23
Bereu,23
Bereu,23
Bereu,23
Bereu,23
Bereu,23
Bereu,23
Bereu,23
Bereu,23
Bereu,23
Bereu,23
Bereu,23
Bereu,23
Bereu,23
Bereu,23
Bereu,23
Bereu,23
Bereu,23
Bereu,23
Bereu,23
Bereu,23
Bereu,23
Bereu,23
Bereu,23
Bereu,23
Bereu,23
Bereu,23
Bereu,23
Bereu,23
Bereu,23
Bereu,23
Bereu,23
Bereu,23
Bereu,23
Bereu,23
Bereu,23
Bereu,23
Bereu,23
Bereu,23
Bereu,23
Bereu,23
Bereu,23
Bereu,23
Bereu,23
Bereu,23
Bereu,23
Bereu,23
Bereu,23
Bereu,23
Bereu,23
Bereu,23
Bereu,23
Bereu,23
Bereu,23
Bereu,23
Bereu,23
Bereu,23
Bereu,23
Bereu,23
Bereu,23
Bereu,23
Bereu,23
Bereu,23
Bereu,23
Bereu,23
Bereu,23
Bereu,23
Bereu,23
Bereu,23
Bereu,23
Bereu,23
Bereu,23
Bereu,23
Bereu,23
Bereu,23
Bereu,23
Bereu,23
Bereu,23
Bereu,23
Bereu,23
Bereu,23
Bereu,23
Bereu,23
Bereu,23
Bereu,23
Bereu,23
Bereu,23
Bereu,23
Bereu,23
Bereu,23
Bereu,23
Bereu,23
Bereu,23
Bereu,23
Bereu,23
Bereu,23
Bereu,23
Bereu,23
Bereu,23
Bereu,23
Bereu,23
Bereu,23
Bereu,23
Bereu,23
Bereu,23
Bereu,23
Bereu,23
Bereu,23
Bereu,23
Bereu,23
Bereu,23
Bereu,23
Bereu,23
Bereu,23
Bereu,23
Bereu,23
Bereu,23
Bereu,23
Bereu,23
Bereu,23
Bereu,23
Bereu,23
Bereu,23
Bereu,23
Bereu,23
Bereu,23
Bereu,23
Bereu,23
Bereu,23
Bereu,23
Bereu,23
Bereu,23
Bereu,23
Bereu,23
Bereu,23
Bereu,23
Bereu,23
Bereu,23
Bereu,23
Bereu,23
Bereu,23
Bereu,23
Bereu,23
Bereu,23
Bereu,23
Bereu,23
Bereu,23
Bereu,23
Bereu,23
Bereu,23
Bereu,23
Bereu,23
Bereu,23
Bereu,23
Bereu,23
Bereu,23
Bereu,23
Bereu,23
Bereu,23
Bereu,23
Bereu,23
Bereu,23
Bereu,23
Bereu,23
Bereu,23
Bereu,23
Bereu,23
Bereu,23
Bereu,23
Bereu,23
Bereu,23
Bereu,23
Bereu,23
Bereu,23
Bereu,23
Bereu,23
Bereu,23
Bereu,23
Bereu,23
Bereu,23
Bereu,23
Bereu,23
Bereu,23
Bereu,23
Bereu,23
Bereu,23
Bereu,23
Bereu,23
Bereu,23
Bereu,23
Bereu,23
Bereu,23
Bereu,23
Bereu,23
Bereu,23
Bereu,23
Bereu,23
Bereu,23
Bereu,23
Bereu,23
Bereu,23
Bereu,23
Bereu,23
Bereu,23
Bereu,23
Bereu,23
Bereu,23
Bereu,23
Bereu,23
Bereu,23
Bereu,23
Bereu,23
Bereu,23
Bereu,23
Bereu,23
Bereu,23
Bereu,23
Bereu,23
Bereu,23
Bereu,23
Bereu,23
Bereu,23
Bereu,23
Bereu,23
Bereu,23
Bereu,23
Bereu,23
Bereu,23
Bereu,23
Bereu,23
Bereu,23
Bereu,23
Bereu,23
Bereu,23
Bereu,23
Bereu,23
Bereu,23
Bereu,23
Bereu,23
Bereu,23
Bereu,23
Bereu,23
Bereu,23
Bereu,23
Bereu,23
Bereu,23
Bereu,23
Bereu,23
Bereu,23
Bereu,23
Bereu,23
Bereu,23
Bereu,23
Bereu,23
Bereu,23
Bereu,23
Bereu,23
Bereu,23
Bereu,23
Bereu,23
Bereu,23
Bereu,23
Bereu,23
Bereu,23
Bereu,23
Bereu,23
Bereu,23
Bereu,23
Bereu,23
Bereu,23
Bereu,23
Bereu,23
Bereu,23
Bereu,23
Bereu,23
Bereu,23
Bereu,23
Bereu,23
Bereu,23
Bereu,23
Bereu,23
Bereu,23
Bereu,23
Bereu,23
Bereu,23
Bereu,23
Bereu,23
Bereu,23
Bereu,23
Bereu,23
Bereu,23
Bereu,23
Bereu,23
Bereu,23
Bereu,23
Bereu,23
Bereu,23
Bereu,23
Bereu,23
Bereu,23
Bereu,23
Bereu,23
Bereu,23
Bereu,23
Bereu,23
Bereu,23
Bereu,23
Bereu,23
Bereu,23
Bereu,23
Bereu,23
Bereu,23
Bereu,23
Bereu,23
Bereu,23
Bereu,23
Bereu,23
Bereu,23
Bereu,23
Bereu,23
Bereu,23
Bereu,23
Bereu,23
Bereu,23
Bereu,23
Bereu,23
Bereu,23
Bereu,23
Bereu,23
Bereu,23
Bereu,23
Bereu,23
Bereu,23
Bereu,23
Bereu,23
Bereu,23
Bereu,23
Bereu,23
Bereu,23
Bereu,23
Bereu,23
Bereu,23
Bereu,23
Bereu,23
Bereu,23
Bereu,23
Bereu,23
Bereu,23
Bereu,23
Bereu,23
Bereu,23
Bereu,23
Bereu,23
Bereu,23
Bereu,23
Bereu,23
Bereu,23
Bereu,23
Bereu,23
Bereu,23
Bereu,23
Bereu,23
Bereu,23
Bereu,23
Bereu,23
Bereu,23
Bereu,23
Bereu,23
Bereu,23
Bereu,23
Bereu,23
Bereu,23
Bereu,23
Bereu,23
Bereu,23
Bereu,23
Bereu,23
Bereu,23
Bereu,23
Bereu,23
Bereu,23
Bereu,23
Bereu,23
Bereu,23
Bereu,23
Bereu,23
Bereu,23
Bereu,23
Bereu,23
Bereu,23
Bereu,23
Bereu,23
Bereu,23
Bereu,23
Bereu,23
Bereu,23
Bereu,23
Bereu,23
Bereu,23
Bereu,23
Bereu,23
Bereu,23
Bereu,23
Bereu,23
Bereu,23
Bereu,23
Bereu,23
Bereu,23
Bereu,23
Bereu,23
Bereu,23
Bereu,23
Bereu,23
Bereu,23
Bereu,23
Bereu,23
Bereu,23
Bereu,23
Bereu,23
Bereu,23
Bereu,23
Bereu,23
Bereu,23
Bereu,23
Bereu,23
Bereu,23
Bereu,23
Bereu,23
Bereu,23
Bereu,23
Bereu,23
Bereu,23
Bereu,23
Bereu,23
Bereu,23
Bereu,23
Bereu,23
Bereu,23
Bereu,23
Bereu,23
Bereu,23
Bereu,23
Bereu,23
Bereu,23
Bereu,23
Bereu,23
Bereu,23
Bereu,23
Bereu,23
Bereu,23
Bereu,23
Bereu,23
Bereu,23
Bereu,23
Bereu,23
Bereu,23
Bereu,23
Bereu,23
Bereu,23
Bereu,23
Bereu,23
Bereu,23
Bereu,23
Bereu,23
Bereu,23
Bereu,23
Bereu,23
Bereu,23
Bereu,23
Bereu,23
Bereu,23
Bereu,23
Bereu,23
Bereu,23
Bereu,23
Bereu,23
Bereu,23
Bereu,23
Bereu,23
Bereu,23
Bereu,23
Bereu,23
Bereu,23
Bereu,23
Bereu,23
Bereu,23
Bereu,23
Bereu,23
Bereu,23
Bereu,23
Bereu,23
Bereu,23
Bereu,23
Bereu,23
Bereu,23
Bereu,23
Bereu,23
Bereu,23
Bereu,23
Bereu,23
Bereu,23
Bereu,23
Bereu,23
Bereu,23
Bereu,23
Bereu,23
Bereu,23
Bereu,23
Bereu,23
Bereu,23
Bereu,23
Bereu,23
Bereu,23
Bereu,23
Bereu,23
Bereu,23
Bereu,23
Bereu,23
Bereu,23
Bereu,23
Bereu,23
Bereu,23
Bereu,23
Bereu,23
Bereu,23
Bereu,23
Bereu,23
Bereu,23
Bereu,23
Bereu,23
Bereu,23
Bereu,23
Bereu,23
Bereu,23
Bereu,23
Bereu,23
Bereu,23
Bereu,23
Bereu,23
Bereu,23
Bereu,23
Bereu,23
Bereu,23
Bereu,23
Bereu,23
Bereu,23
Bereu,23
Bereu,23
Bereu,23
Bereu,23
Bereu,23
Bereu,23
Bereu,23
Bereu,23
Bereu,23
Bereu,23
Bereu,23
Bereu,23
Bereu,23
Bereu,23
Bereu,23
Bereu,23
Bereu,23
Bereu,23
Bereu,23
Bereu,23
Bereu,23
Bereu,23
Bereu,23
Bereu,23
Bereu,23
Bereu,23
Bereu,23
Bereu,23
Bereu,23
Bereu,23
Bereu,23
Bereu,23
Bereu,23
Bereu,23
Bereu,23
Bereu,23
Bereu,23
Bereu,23
Bereu,23
Bereu,23
Bereu,23
Bereu,23
Bereu,23
Bereu,23
Bereu,23
Bereu,23
Bereu,23
Bereu,23
Bereu,23
Bereu,23
Bereu,23
Bereu,23
Bereu,23
Bereu,23
Bereu,23
Bereu,23
Bereu,23
Bereu,23
Bereu,23
Bereu,23
Bereu,23
Bereu,23
Bereu,23
Bereu,23
Bereu,23
Bereu,23
Bereu,23
Bereu,23
Bereu,23
Bereu,23
Bereu,23
Bereu,23
Bereu,23
Bereu,23
Bereu,23
Bereu,23
Bereu,23
Bereu,23
Bereu,23
Bereu,23
Bereu,23
Bereu,23
Bereu,23
Bereu,23
Bereu,23
Bereu,23
Bereu,23
Bereu,23
Bereu,23
Bereu,23
Bereu,23
Bereu,23
Bereu,23
Bereu,23
Bereu,23
Bereu,23
Bereu,23
Bereu,23
Bereu,23
Bereu,23
Bereu,23
Bereu,23
Bereu,23
Bereu,23
Bereu,23
Bereu,23
Bereu,23
Bereu,23
Bereu,23
Bereu,23
Bereu,23
Bereu,23
Bereu,23
Bereu,23
Bereu,23
Bereu,23
Bereu,23
Bereu,23
Bereu,23
Bereu,23
Bereu,23
Bereu,23
Bereu,23
Bereu,23
Bereu,23
Bereu,23
Bereu,23
Bereu,23
Bereu,23
Bereu,23
Bereu,23
Bereu,23
Bereu,23
Bereu,23
Bereu,23
Bereu,23
Bereu,23
Bereu,23
Bereu,23
Bereu,23
Bereu,23
Bereu,23
Bereu,23
Bereu,23
Bereu,23
Bereu,23
Bereu,23
Bereu,23
Bereu,23
Bereu,23
Bereu,23
Bereu,23
Bereu,23
Bereu,23
Bereu,23
Bereu,23
Bereu,23
Bereu,23
Bereu,23
Bereu,23
Bereu,23
Bereu,23
Bereu,23
Bereu,23
Bereu,23
Bereu,23
Bereu,23
Bereu,23
Bereu,23
Bereu,23
Bereu,23
Bereu,23
Bereu,23
Bereu,23
Bereu,23
Bereu,23
Bereu,23
Bereu,23
Bereu,23
Bereu,23
Bereu,23
Bereu,23
Bereu,23
Bereu,23
Bereu,23
Bereu,23
Bereu,23
Bereu,23
Bereu,23
Bereu,23
Bereu,23
Bereu,23
Bereu,23
Bereu,23
Bereu,23
Bereu,23
Bereu,23
Bereu,23
Bereu,23
Bereu,23
Bereu,23
Bereu,23
Bereu,23
Bereu,23
Bereu,23
Bereu,23
Bereu,23
Bereu,23
Bereu,23
Bereu,23
Bereu,23
Bereu,23
Bereu,23
Bereu,23
Bereu,23
Bereu,23
Bereu,23
Bereu,23
Bereu,23
Bereu,23
Bereu,23
Bereu,23
Bereu,23
Bereu,23
Bereu,23
Bereu,23
Bereu,23
Bereu,23
Bereu,23
Bereu,23
Bereu,23
Bereu,23
Bereu,23
Bereu,23
Bereu,23
Bereu,23
Bereu,23
Bereu,23
Bereu,23
Bereu,23
Bereu,23
Bereu,23
Bereu,23
Bereu,23
Bereu,23
Bereu,23
Bereu,23
Bereu,23
Bereu,23
Bereu,23
Bereu,23
Bereu,23
Bereu,23
Bereu,23
Bereu,23
Bereu,23
Bereu,23
Bereu,23
Bereu,23
Bereu,23
Bereu,23
Bereu,23
Bereu,23
Bereu,23
Bereu,23
Bereu,23
Bereu,23
Bereu,23
Bereu,23
Bereu,23
Bereu,23
Bereu,23
Bereu,23
Bereu,23
Bereu,23
Bereu,23
Bereu,23
Bereu,23
Bereu,23
Bereu,23
Bereu,23
Bereu,23
Bereu,23
Bereu,23
Bereu,23
Bereu,23
Bereu,23
Bereu,23
Bereu,23
Bereu,23
Bereu,23
Bereu,23
Bereu,23
Bereu,23
Bereu,23
Bereu,23
Bereu,23
Bereu,23
Bereu,23
Bereu,23
Bereu,23
Bereu,23
Bereu,23
Bereu,23
Bereu,23
Bereu,23
Bereu,23
Bereu,23
Bereu,23
Bereu,23
Bereu,23
Bereu,23
Bereu,23
Bereu,23
Bereu,23
Bereu,23
Bereu,23
Bereu,23
Bereu,23
Bereu,23
Bereu,23
Bereu,23
Bereu,23
Bereu,23
Bereu,23
Bereu,23
Bereu,23
Bereu,23
Bereu,23
Bereu,23
Bereu,23
Bereu,23
Bereu,23
Bereu,23
Bereu,23
Bereu,23
Bereu,23
Bereu,23
Bereu,23
Bereu,23
Bereu,23
Bereu,23
Bereu,23
Bereu,23
Bereu,23
Bereu,23
Bereu,23
Bereu,23
Bereu,23
Bereu,23
Bereu,23
Bereu,23
Bereu,23
Bereu,23
Bereu,23
Bereu,23
Bereu,23
Bereu,23
Bereu,23
Bereu,23
Bereu,23
Bereu,23
Bereu,23
Bereu,23
Bereu,23
Bereu,23
Bereu,23
Bereu,23
Bereu,23
Bereu,23
Bereu,23
Bereu,23
Bereu,23
Bereu,23
Bereu,23
Bereu,23
Bereu,23
Bereu,23
Bereu,23
Bereu,23
Bereu,23
Bereu,23
Bereu,23
Bereu,23
Bereu,23
Bereu,23
Bereu,23
Bereu,23
Bereu,23
Bereu,23
Bereu,23
Bereu,23
Bereu,23
Bereu,23
Bereu,23
Bereu,23
Bereu,23
Bereu,23
Bereu,23
Bereu,23
Bereu,23
Bereu,23
Bereu,23
Bereu,23
Bereu,23
Bereu,23
Bereu,23
Bereu,23
Bereu,23
Bereu,23
Bereu,23
Bereu,23
Bereu,23
Bereu,23
Bereu,23
Bereu,23
Bereu,23
Bereu,23
Bereu,23
Bereu,23
Bereu,23
Bereu,23
Bereu,23
Bereu,23
Bereu,23
Bereu,23
Bereu,23
Bereu,23
Bereu,23
Bereu,23
Bereu,23
Bereu,23
Bereu,23
Bereu,23
Bereu,23
Bereu,23
Bereu,23
Bereu,23
Bereu,23
Bereu,23
Bereu,23
Bereu,23
Bereu,23
Bereu,23
Bereu,23
Bereu,23
Bereu,23
Bereu,23
Bereu,23
Bereu,23
Bereu,23
Bereu,23
Bereu,23
Bereu,23
Bereu,23
Bereu,23
Bereu,23
Bereu,23
Bereu,23
Bereu,23
Bereu,23
Bereu,23
Bereu,23
Bereu,23
Bereu,23
Bereu,23
Bereu,23
Bereu,23
Bereu,23
Bereu,23
Bereu,23
Bereu,23
Bereu,23
Bereu,23
Bereu,23
Bereu,23
Bereu,23
Bereu,23
Bereu,23
Bereu,23
Bereu,23
Bereu,23
Bereu,23
Bereu,23
Bereu,23
Bereu,23
Bereu,23
Bereu,23
Bereu,23
Bereu,23
Bereu,23
Bereu,23
Bereu,23
Bereu,23
Bereu,23
Bereu,23
Bereu,23
Bereu,23
Bereu,23
Bereu,23
Bereu,23
Bereu,23
Bereu,23
Bereu,23
Bereu,23
Bereu,23
Bereu,23
Bereu,23
Bereu,23
Bereu,23
Bereu,23
Bereu,23
Bereu,23
Bereu,23
Bereu,23
Bereu,23
Bereu,23
Bereu,23
Bereu,23
Bereu,23
Bereu,23
Bereu,23
Bereu,23
Bereu,23
Bereu,23
Bereu,23
Bereu,23
Bereu,23
Bereu,23
Bereu,23
Bereu,23
Bereu,23
Bereu,23
Bereu,23
Bereu,23
Bereu,23
Bereu,23
Bereu,23
Bereu,23
Bereu,23
Bereu,23
Bereu,23
Bereu,23
Bereu,23
Bereu,23
Bereu,23
Bereu,23
Bereu,23
Bereu,23
Bereu,23
Bereu,23
Bereu,23
Bereu,23
Bereu,23
Bereu,23
Bereu,23
Bereu,23
Bereu,23
Bereu,23
Bereu,23
Bereu,23
Bereu,23
Bereu,23
Bereu,23
Bereu,23
Bereu,23
Bereu,23
Bereu,23
Bereu,23
Bereu,23
Bereu,23
Bereu,23
Bereu,23
Bereu,23
Bereu,23
Bereu,23
Bereu,23
Bereu,23
Bereu,23
Bereu,23
Bereu,23
Bereu,23
Bereu,23
Bereu,23
Bereu,23
Bereu,23
Bereu,23
Bereu,23
Bereu,23
Bereu,23
Bereu,23
Bereu,23
Bereu,23
Bereu,23
Bereu,23
Bereu,23
Bereu,23
Bereu,23
Bereu,23
Bereu,23
Bereu,23
Bereu,23
Bereu,23
Bereu,23
Bereu,23
Bereu,23
Bereu,23
Bereu,23
Bereu,23
Bereu,23
Bereu,23
Bereu,23
Bereu,23
Bereu,23
Bereu,23
Bereu,23
Bereu,23
Bereu,23
Bereu,23
Bereu,23
Bereu,23
Bereu,23
Bereu,23
Bereu,23
Bereu,23
Bereu,23
Bereu,23
Bereu,23
Bereu,23
Bereu,23
Bereu,23
Bereu,23
Bereu,23
Bereu,23
Bereu,23
Bereu,23
Bereu,23
Bereu,23
Bereu,23
Bereu,23
Bereu,23
Bereu,23
Bereu,23
Bereu,23
Bereu,23
Bereu,23
Bereu,23
Bereu,23
Bereu,23
Bereu,23
Bereu,23
Bereu,23
Bereu,23
Bereu,23
Bereu,23
Bereu,23
Bereu,23
Bereu,23
Bereu,23
Bereu,23
Bereu,23
Bereu,23
Bereu,23
Bereu,23
Bereu,23
Bereu,23
Bereu,23
Bereu,23
Bereu,23
Bereu,23
Bereu,23
Bereu,23
Bereu,23
Bereu,23
Bereu,23
Bereu,23
Bereu,23
Bereu,23
Bereu,23
Bereu,23
Bereu,23
Bereu,23
Bereu,23
Bereu,23
Bereu,23
Bereu,23
Bereu,23
Bereu,23
Bereu,23
Bereu,23
Bereu,23
Bereu,23
Bereu,23
Bereu,23
Bereu,23
Bereu,23
Bereu,23
Bereu,23
Bereu,23
Bereu,23
Bereu,23
Bereu,23
Bereu,23
Bereu,23
Bereu,23
Bereu,23
Bereu,23
Bereu,23
Bereu,23
Bereu,23
Bereu,23
Bereu,23
Bereu,23
Bereu,23
Bereu,23
Bereu,23
Bereu,23
Bereu,23
Bereu,23
Bereu,23
Bereu,23
Bereu,23
Bereu,23
Bereu,23
Bereu,23
Bereu,23
Bereu,23
Bereu,23
Bereu,23
Bereu,23
Bereu,23
Bereu,23
Bereu,23
Bereu,23
Bereu,23
Bereu,23
Bereu,23
Bereu,23
Bereu,23
Bereu,23
Bereu,23
Bereu,23
Bereu,23
Bereu,23
Bereu,23
Bereu,23
Bereu,23
Bereu,23
Bereu,23
Bereu,23
Bereu,23
Bereu,23
Bereu,23
Bereu,23
Bereu,23
Bereu,23
Bereu,23
Bereu,23
Bereu,23
Bereu,23
Bereu,23
Bereu,23
Bereu,23
Bereu,23
Bereu,23
Bereu,23
Bereu,23
Bereu,23
Bereu,23
Bereu,23
Bereu,23
Bereu,23
Bereu,23
Bereu,23
Bereu,23
Bereu,23
Bereu,23
Bereu,23
Bereu,23
Bereu,23
Bereu,23
Bereu,23
Bereu,23
Bereu,23
Bereu,23
Bereu,23
Bereu,23
Bereu,23
Bereu,23
Bereu,23
Bereu,23
Bereu,23
Bereu,23
Bereu,23
Bereu,23
Bereu,23
Bereu,23
Bereu,23
Bereu,23
Bereu,23
Bereu,23
Bereu,23
Bereu,23
Bereu,23
Bereu,23
Bereu,23
Bereu,23
Bereu,23
Bereu,23
Bereu,23
Bereu,23
Bereu,23
Bereu,23
Bereu,23
Bereu,23
Bereu,23
Bereu,23
Bereu,23
Bereu,23
Bereu,23
Bereu,23
Bereu,23
Bereu,23
Bereu,23
Bereu,23
Bereu,23
Bereu,23
Bereu,23
Bereu,23
Bereu,23
Bereu,23
Bereu,23
Bereu,23
Bereu,23
Bereu,23
Bereu,23
Bereu,23
Bereu,23
Bereu,23
Bereu,23
Bereu,23
Bereu,23
Bereu,23
Bereu,23
Bereu,23
Bereu,23
Bereu,23
Bereu,23
Bereu,23
Bereu,23
Bereu,23
Bereu,23
Bereu,23
Bereu,23
Bereu,23
Bereu,23
Bereu,23
Bereu,23
Bereu,23
Bereu,23
Bereu,23
Bereu,23
Bereu,23
Bereu,23
Bereu,23
Bereu,23
Bereu,23
Bereu,23
Bereu,23
Bereu,23
Bereu,23
Bereu,23
Bereu,23
Bereu,23
Bereu,23
Bereu,23
Bereu,23
Bereu,23
Bereu,23
Bereu,23
Bereu,23
Bereu,23
Bereu,23
Bereu,23
Bereu,23
Bereu,23
Bereu,23
Bereu,23
Bereu,23
Bereu,23
Bereu,23
Bereu,23
Bereu,23
Bereu,23
Bereu,23
Bereu,23
Bereu,23
Bereu,23
Bereu,23
Bereu,23
Bereu,23
Bereu,23
Bereu,23
Bereu,23
Bereu,23
Bereu,23
Bereu,23
Bereu,23
Bereu,23
Bereu,23
Bereu,23
Bereu,23
Bereu,23
Bereu,23
Bereu,23
Bereu,23
Bereu,23
Bereu,23
Bereu,23
Bereu,23
Bereu,23
Bereu,23
Bereu,23
Bereu,23
Bereu,23
Bereu,23
Bereu,23
Bereu,23
Bereu,23
Bereu,23
Bereu,23
Bereu,23
Bereu,23
Bereu,23
Bereu,23
Bereu,23
Bereu,23
Bereu,23
Bereu,23
Bereu,23
Bereu,23
Bereu,23
Bereu,23
Bereu,23
Bereu,23
Bereu,23
Bereu,23
Bereu,23
Bereu,23
Bereu,23
Bereu,23
Bereu,23
Bereu,23
Bereu,23
Bereu,23
Bereu,23
Bereu,23
Bereu,23
Bereu,23
Bereu,23
Bereu,23
Bereu,23
Bereu,23
Bereu,23
Bereu,23
Bereu,23
Bereu,23
Bereu,23
Bereu,23
Bereu,23
Bereu,23
Bereu,23
Bereu,23
Bereu,23
Bereu,23
Bereu,23
Bereu,23
Bereu,23
Bereu,23
Bereu,23
Bereu,23
Bereu,23
Bereu,23
Bereu,23
Bereu,23
Bereu,23
Bereu,23
Bereu,23
Bereu,23
Bereu,23
Bereu,23
Bereu,23
Bereu,23
Bereu,23
Bereu,23
Bereu,23
Bereu,23
Bereu,23
Bereu,23
Bereu,23
Bereu,23
Bereu,23
Bereu,23
Bereu,23
Bereu,23
Bereu,23
Bereu,23
Bereu,23
Bereu,23
Bereu,23
Bereu,23
Bereu,23
Bereu,23
Bereu,23
Bereu,23
Bereu,23
Bereu,23
Bereu,23
Bereu,23
Bereu,23
Bereu,23
Bereu,23
Bereu,23
Bereu,23
Bereu,23
Bereu,23
Bereu,23
Bereu,23
Bereu,23
Bereu,23
Bereu,23
Bereu,23
Bereu,23
Bereu,23
Bereu,23
Bereu,23
Bereu,23
Bereu,23
Bereu,23
Bereu,23
Bereu,23
Bereu,23
Bereu,23
Bereu,23
Bereu,23
Bereu,23
Bereu,23
Bereu,23
Bereu,23
Bereu,23
Bereu,23
Bereu,23
Bereu,23
Bereu,23
Bereu,23
Bereu,23
Bereu,23
Bereu,23
Bereu,23
Bereu,23
Bereu,23
Bereu,23
Bereu,23
Bereu,23
Bereu,23
Bereu,23
Bereu,23
Bereu,23
Bereu,23
Bereu,23
Bereu,23
Bereu,23
Bereu,23
Bereu,23
Bereu,23
Bereu,23
Bereu,23
Bereu,23
Bereu,23
Bereu,23
Bereu,23
Bereu,23
Bereu,23
Bereu,23
Bereu,23
Bereu,23
Bereu,23
Bereu,23
Bereu,23
Bereu,23
Bereu,23
Bereu,23
Bereu,23
Bereu,23
Bereu,23
Bereu,23
Bereu,23
Bereu,23
Bereu,23
Bereu,23
Bereu,23
Bereu,23
Bereu,23
Bereu,23
Bereu,23
Bereu,23
Bereu,23
Bereu,23
Bereu,23
Bereu,23
Bereu,23
Bereu,23
Bereu,23
Bereu,23
Bereu,23
Bereu,23
Bereu,23
Bereu,23
Bereu,23
Bereu,23
Bereu,23
Bereu,23
Bereu,23
Bereu,23
Bereu,23
Bereu,23
Bereu,23
Bereu,23
Bereu,23
Bereu,23
Bereu,23
Bereu,23
Bereu,23
Bereu,23
Bereu,23
Bereu,23
Bereu,23
Bereu,23
Bereu,23
Bereu,23
Bereu,23
Bereu,23
Bereu,23
Bereu,23
Bereu,23
Bereu,23
Bereu,23
Bereu,23
Bereu,23
Bereu,23
Bereu,23
Bereu,23
Bereu,23
Bereu,23
Bereu,23
Bereu,23
Bereu,23
Bereu,23
Bereu,23
Bereu,23
Bereu,23
Bereu,23
Bereu,23
Bereu,23
Bereu,23
Bereu,23
Bereu,23
Bereu,23
Bereu,23
Bereu,23
Bereu,23
Bereu,23
Bereu,23
Bereu,23
Bereu,23
Bereu,23
Bereu,23
Bereu,23
Bereu,23
Bereu,23
Bereu,23
Bereu,23
Bereu,23
Bereu,23
Bereu,23
Bereu,23
Bereu,23
Bereu,23
Bereu,23
Bereu,23
Bereu,23
Bereu,23
Bereu,23
Bereu,23
Bereu,23
Bereu,23
Bereu,23
Bereu,23
Bereu,23
Bereu,23
Bereu,23
Bereu,23
Bereu,23
Bereu,23
Bereu,23
Bereu,23
Bereu,23
Bereu,23
Bereu,23
Bereu,23
Bereu,23
Bereu,23
Bereu,23
Bereu,23
Bereu,23
Bereu,23
Bereu,23
Bereu,23
Bereu,23
Bereu,23
Bereu,23
Bereu,23
Bereu,23
Bereu,23
Bereu,23
Bereu,23
Bereu,23
Bereu,23
Bereu,23
Bereu,23
Bereu,23
Bereu,23
Bereu,23
Bereu,23
Bereu,23
Bereu,23
Bereu,23
Bereu,23
Bereu,23
Bereu,23
Bereu,23
Bereu,23
Bereu,23
Bereu,23
Bereu,23
Bereu,23
Bereu,23
Bereu,23
Bereu,23
Bereu,23
Bereu,23
Bereu,23
Bereu,23
Bereu,23
Bereu,23
Bereu,23
Bereu,23
Bereu,23
Bereu,23
Bereu,23
Bereu,23
Bereu,23
Bereu,23
Bereu,23
Bereu,23
Bereu,23
Bereu,23
Bereu,23
Bereu,23
Bereu,23
Bereu,23
Bereu,23
Bereu,23
Bereu,23
Bereu,23
Bereu,23
Bereu,23
Bereu,23
Bereu,23
Bereu,23
Bereu,23
Bereu,23
Bereu,23
Bereu,23
Bereu,23
Bereu,23
Bereu,23
Bereu,23
Bereu,23
Bereu,23
Bereu,23
Bereu,23
Bereu,23
Bereu,23
Bereu,23
Bereu,23
Bereu,23
Bereu,23
Bereu,23
Bereu,23
Bereu,23
Bereu,23
Bereu,23
Bereu,23
Bereu,23
Bereu,23
Bereu,23
Bereu,23
Bereu,23
Bereu,23
Bereu,23
Bereu,23
Bereu,23
Bereu,23
Bereu,23
Bereu,23
Bereu,23
Bereu,23
Bereu,23
Bereu,23
Bereu,23
Bereu,23
Bereu,23
Bereu,23
Bereu,23
Bereu,23
Bereu,23
Bereu,23
Bereu,23
Bereu,23
Bereu,23
Bereu,23
Bereu,23
Bereu,23
Bereu,23
Bereu,23
Bereu,23
Bereu,23
Bereu,23
Bereu,23
Bereu,23
Bereu,23
Bereu,23
Bereu,23
Bereu,23
Bereu,23
Bereu,23
Bereu,23
Bereu,23
Bereu,23
Bereu,23
Bereu,23
Bereu,23
Bereu,23
Bereu,23
Bereu,23
Bereu,23
Bereu,23
Bereu,23
Bereu,23
Bereu,23
Bereu,23
Bereu,23
Bereu,23
Bereu,23
Bereu,23
Bereu,23
Bereu,23
Bereu,23
Bereu,23
Bereu,23
Bereu,23
Bereu,23
Bereu,23
Bereu,23
Bereu,23
Bereu,23
Bereu,23
Bereu,23
Bereu,23
Bereu,23
Bereu,23
Bereu,23
Bereu,23
Bereu,23
Bereu,23
Bereu,23
Bereu,23
Bereu,23
Bereu,23
Bereu,23
Bereu,23
Bereu,23
Bereu,23
Bereu,23
Bereu,23
Bereu,23
Bereu,23
Bereu,23
Bereu,23
Bereu,23
Bereu,23
Bereu,23
Bereu,23
Bereu,23
Bereu,23
Bereu,23
Bereu,23
Bereu,23
Bereu,23
Bereu,23
Bereu,23
Bereu,23
Bereu,23
Bereu,23
Bereu,23
Bereu,23
Bereu,23
Bereu,23
Bereu,23
Bereu,23
Bereu,23
Bereu,23
Bereu,23
Bereu,23
Bereu,23
Bereu,23
Bereu,23
Bereu,23
Bereu,23
Bereu,23
Bereu,23
Bereu,23
Bereu,23
Bereu,23
Bereu,23
Bereu,23
Bereu,23
Bereu,23
Bereu,23
Bereu,23
Bereu,23
Bereu,23
Bereu,23
Bereu,23
Bereu,23
Bereu,23
Bereu,23
Bereu,23
Bereu,23
Bereu,23
Bereu,23
Bereu,23
Bereu,23
Bereu,23
Bereu,23
Bereu,23
Bereu,23
Bereu,23
Bereu,23
Bereu,23
Bereu,23
Bereu,23
Bereu,23
Bereu,23
Bereu,23
Bereu,23
Bereu,23
Bereu,23
Bereu,23
Bereu,23
Bereu,23
Bereu,23
Bereu,23
Bereu,23
Bereu,23
Bereu,23
Bereu,23
Bereu,23
Bereu,23
Bereu,23
Bereu,23
Bereu,23
Bereu,23
Bereu,23
Bereu,23
Bereu,23
Bereu,23
Bereu,23
Bereu,23
Bereu,23
Bereu,23
Bereu,23
Bereu,23
Bereu,23
Bereu,23
Bereu,23
Bereu,23
Bereu,23
Bereu,23
Bereu,23
Bereu,23
Bereu,23
Bereu,23
Bereu,23
Bereu,23
Bereu,23
Bereu,23
Bereu,23
Bereu,23
Bereu,23
Bereu,23
Bereu,23
Bereu,23
Bereu,23
Bereu,23
Bereu,23
Bereu,23
Bereu,23
Bereu,23
Bereu,23
Bereu,23
Bereu,23
Bereu,23
Bereu,23
Bereu,23
Bereu,23
Bereu,23
Bereu,23
Bereu,23
Bereu,23
Bereu,23
Bereu,23
Bereu,23
Bereu,23
Bereu,23
Bereu,23
Bereu,23
Bereu,23
Bereu,23
Bereu,23
Bereu,23
Bereu,23
Bereu,23
Bereu,23
Bereu,23
Bereu,23
Bereu,23
Bereu,23
Bereu,23
Bereu,23
Bereu,23
Bereu,23
Bereu,23
Bereu,23
Bereu,23
Bereu,23
Bereu,23
Bereu,23
Bereu,23
Bereu,23
Bereu,23
Bereu,23
Bereu,23
Bereu,23
Bereu,23
Bereu,23
Bereu,23
Bereu,23
Bereu,23
Bereu,23
Bereu,23
Bereu,23
Bereu,23
Bereu,23
Bereu,23
Bereu,23
Bereu,23
Bereu,23
Bereu,23
Bereu,23
Bereu,23
Bereu,23
Bereu,23
Bereu,23
Bereu,23
Bereu,23
Bereu,23
Bereu,23
Bereu,23
Bereu,23
Bereu,23
Bereu,23
Bereu,23
Bereu,23
Bereu,23
Bereu,23
Bereu,23
Bereu,23
Bereu,23
Bereu,23
Bereu,23
Bereu,23
Bereu,23
Bereu,23
Bereu,23
Bereu,23
Bereu,23
Bereu,23
Bereu,23
Bereu,23
Bereu,23
Bereu,23
Bereu,23
Bereu,23
Bereu,23
Bereu,23
Bereu,23
Bereu,23
Bereu,23
Bereu,23
Bereu,23
Bereu,23
Bereu,23
Bereu,23
Bereu,23
Bereu,23
Bereu,23
Bereu,23
Bereu,23
Bereu,23
Bereu,23
Bereu,23
Bereu,23
Bereu,23
Bereu,23
Bereu,23
Bereu,23
Bereu,23
Bereu,23
Bereu,23
Bereu,23
Bereu,23
Bereu,23
Bereu,23
Bereu,23
Bereu,23
Bereu,23
Bereu,23
Bereu,23
Bereu,23
Bereu,23
Bereu,23
Bereu,23
Bereu,23
Bereu,23
Bereu,23
Bereu,23
Bereu,23
Bereu,23
Bereu,23
Bereu,23
Bereu,23
Bereu,23
Bereu,23
Bereu,23
Bereu,23
Bereu,23
Bereu,23
Bereu,23
Bereu,23
Bereu,23
Bereu,23
Bereu,23
Bereu,23
Bereu,23
Bereu,23
Bereu,23
Bereu,23
Bereu,23
Bereu,23
Bereu,23
Bereu,23
Bereu,23
Bereu,23
Bereu,23
Bereu,23
Bereu,23
Bereu,23
Bereu,23
Bereu,23
Bereu,23
Bereu,23
Bereu,23
Bereu,23
Bereu,23
Bereu,23
Bereu,23
Bereu,23
Bereu,23
Bereu,23
Bereu,23
Bereu,23
Bereu,23
Bereu,23
Bereu,23
Bereu,23
Bereu,23
Bereu,23
Bereu,23
Bereu,23
Bereu,23
Bereu,23
Bereu,23
Bereu,23
Bereu,23
Bereu,23
Bereu,23
Bereu,23
Bereu,23
Bereu,23
Bereu,23
Bereu,23
Bereu,23
Bereu,23
Bereu,23
Bereu,23
Bereu,23
Bereu,23
Bereu,23
Bereu,23
Bereu,23
Bereu,23
Bereu,23
Bereu,23
Bereu,23
Bereu,23
Bereu,23
Bereu,23
Bereu,23
Bereu,23
Bereu,23
Bereu,23
Bereu,23
Bereu,23
Bereu,23
Bereu,23
Bereu,23
Bereu,23
Bereu,23
Bereu,23
Bereu,23
Bereu,23
Bereu,23
Bereu,23
Bereu,23
Bereu,23
Bereu,23
Bereu,23
Bereu,23
Bereu,23
Bereu,23
Bereu,23
Bereu,23
Bereu,23
Bereu,23
Bereu,23
Bereu,23
Bereu,23
Bereu,23
Bereu,23
Bereu,23
Bereu,23
Bereu,23
Bereu,23
Bereu,23
Bereu,23
Bereu,23
Bereu,23
Bereu,23
Bereu,23
Bereu,23
Bereu,23
Bereu,23
Bereu,23
Bereu,23
Bereu,23
Bereu,23
Bereu,23
Bereu,23
Bereu,23
Bereu,23
Bereu,23
Bereu,23
Bereu,23
Bereu,23
Bereu,23
Bereu,23
Bereu,23
Bereu,23
Bereu,23
Bereu,23
Bereu,23
Bereu,23
Bereu,23
Bereu,23
Bereu,23
Bereu,23
Bereu,23
Bereu,23
Bereu,23
Bereu,23
Bereu,23
Bereu,23
Bereu,23
Bereu,23
Bereu,23
Bereu,23
Bereu,23
Bereu,23
Bereu,23
Bereu,23
Bereu,23
Bereu,23
Bereu,23
Bereu,23
Bereu,23
Bereu,23
Bereu,23
Bereu,23
Bereu,23
Bereu,23
Bereu,23
Bereu,23
Bereu,23
Bereu,23
Bereu,23
Bereu,23
Bereu,23
Bereu,23
Bereu,23
Bereu,23
Bereu,23
Bereu,23
Bereu,23
Bereu,23
Bereu,23
Bereu,23
Bereu,23
Bereu,23
Bereu,23
Bereu,23
Bereu,23
Bereu,23
Bereu,23
Bereu,23
Bereu,23
Bereu,23
Bereu,23
Bereu,23
Bereu,23
Bereu,23
Bereu,23
Bereu,23
Bereu,23
Bereu,23
Bereu,23
Bereu,23
Bereu,23
Bereu,23
Bereu,23
Bereu,23
Bereu,23
Bereu,23
Bereu,23
Bereu,23
Bereu,23
Bereu,23
Bereu,23
Bereu,23
Bereu,23
Bereu,23
Bereu,23
Bereu,23
Bereu,23
Bereu,23
Bereu,23
Bereu,23
Bereu,23
Bereu,23
Bereu,23
Bereu,23
Bereu,23
Bereu,23
Bereu,23
Bereu,23
Bereu,23
Bereu,23
Bereu,23
Bereu,23
Bereu,23
Bereu,23
Bereu,23
Bereu,23
Bereu,23
Bereu,23
Bereu,23
Bereu,23
Bereu,23
Bereu,23
Bereu,23
Bereu,23
Bereu,23
Bereu,23
Bereu,23
Bereu,23
Bereu,23
Bereu,23
Bereu,23
Bereu,23
Bereu,23
Bereu,23
Bereu,23
Bereu,23
Bereu,23
Bereu,23
Bereu,23
Bereu,23
Bereu,23
Bereu,23
Bereu,23
Bereu,23
Bereu,23
Bereu,23
Bereu,23
Bereu,23
Bereu,23
Bereu,23
Bereu,23
Bereu,23
Bereu,23
Bereu,23
Bereu,23
Bereu,23
Bereu,23
Bereu,23
Bereu,23
Bereu,23
Bereu,23
Bereu,23
Bereu,23
Bereu,23
Bereu,23
Bereu,23
Bereu,23
Bereu,23
Bereu,23
Bereu,23
Bereu,23
Bereu,23
Bereu,23
Bereu,23
Bereu,23
Bereu,23
Bereu,23
Bereu,23
Bereu,23
Bereu,23
Bereu,23
Bereu,23
Bereu,23
Bereu,23
Bereu,23
Bereu,23
Bereu,23
Bereu,23
Bereu,23
Bereu,23
Bereu,23
Bereu,23
Bereu,23
Bereu,23
Bereu,23
Bereu,23
Bereu,23
Bereu,23
Bereu,23
Bereu,23
Bereu,23
Bereu,23
Bereu,23
Bereu,23
Bereu,23
Bereu,23
Bereu,23
Bereu,23
Bereu,23
Bereu,23
Bereu,23
Bereu,23
Bereu,23
Bereu,23
Bereu,23
Bereu,23
Bereu,23
Bereu,23
Bereu,23
Bereu,23
Bereu,23
Bereu,23
Bereu,23
Bereu,23
Bereu,23
Bereu,23
Bereu,23
Bereu,23
Bereu,23
Bereu,23
Bereu,23
Bereu,23
Bereu,23
Bereu,23
Bereu,23
Bereu,23
Bereu,23
Bereu,23
Bereu,23
Bereu,23
Bereu,23
Bereu,23
Bereu,23
Bereu,23
Bereu,23
Bereu,23
Bereu,23
Bereu,23
Bereu,23
Bereu,23
Bereu,23
Bereu,23
Bereu,23
Bereu,23
Bereu,23
Bereu,23
Bereu,23
Bereu,23
Bereu,23
Bereu,23
Bereu,23
Bereu,23
Bereu,23
Bereu,23
Bereu,23
Bereu,23
Bereu,23
Bereu,23
Bereu,23
Bereu,23
Bereu,23
Bereu,23
Bereu,23
Bereu,23
Bereu,23
Bereu,23
Bereu,23
Bereu,23
Bereu,23
Bereu,23
Bereu,23
Bereu,23
Bereu,23
Bereu,23
Bereu,23
Bereu,23
Bereu,23
Bereu,23
Bereu,23
Bereu,23
Bereu,23
Bereu,23
Bereu,23
Bereu,23
Bereu,23
Bereu,23
Bereu,23
Bereu,23
Bereu,23
Bereu,23
Bereu,23
Bereu,23
Bereu,23
Bereu,23
Bereu,23
Bereu,23
Bereu,23
Bereu,23
Bereu,23
Bereu,23
Bereu,23
Bereu,23
Bereu,23
Bereu,23
Bereu,23
Bereu,23
Bereu,23
Bereu,23
Bereu,23
Bereu,23
Bereu,23
Bereu,23
Bereu,23
Bereu,23
Bereu,23
Bereu,23
Bereu,23
Bereu,23
Bereu,23
Bereu,23
Bereu,23
Bereu,23
Bereu,23
Bereu,23
Bereu,23
Bereu,23
Bereu,23
Bereu,23
Bereu,23
Bereu,23
Bereu,23
Bereu,23
Bereu,23
Bereu,23
Bereu,23
Bereu,23
Bereu,23
Bereu,23
Bereu,23
Bereu,23
Bereu,23
Bereu,23
Bereu,23
Bereu,23
Bereu,23
Bereu,23
Bereu,23
Bereu,23
Bereu,23
Bereu,23
Bereu,23
Bereu,23
Bereu,23
Bereu,23
Bereu,23
Bereu,23
Bereu,23
Bereu,23
Bereu,23
Bereu,23
Bereu,23
Bereu,23
Bereu,23
Bereu,23
Bereu,23
Bereu,23
Bereu,23
Bereu,23
Bereu,23
Bereu,23
Bereu,23
Bereu,23
Bereu,23
Bereu,23
Bereu,23
Bereu,23
Bereu,23
Bereu,23
Bereu,23
Bereu,23
Bereu,23
Bereu,23
Bereu,23
Bereu,23
Bereu,23
Bereu,23
Bereu,23
Bereu,23
Bereu,23
Bereu,23
Bereu,23
Bereu,23
Bereu,23
Bereu,23
Bereu,23
Bereu,23
Bereu,23
Bereu,23
Bereu,23
Bereu,23
Bereu,23
Bereu,23
Bereu,23
Bereu,23
Bereu,23
Bereu,23
Bereu,23
Bereu,23
Bereu,23
Bereu,23
Bereu,23
Bereu,23
Bereu,23
Bereu,23
Bereu,23
Bereu,23
Bereu,23
Bereu,23
Bereu,23
Bereu,23
Bereu,23
Bereu,23
Bereu,23
Bereu,23
Bereu,23
Bereu,23
Bereu,23
Bereu,23
Bereu,23
Bereu,23
Bereu,23
Bereu,23
Bereu,23
Bereu,23
Bereu,23
Bereu,23
Bereu,23
Bereu,23
Bereu,23
Bereu,23
Bereu,23
Bereu,23
Bereu,23
Bereu,23
Bereu,23
Bereu,23
Bereu,23
Bereu,23
Bereu,23
Bereu,23
Bereu,23
Bereu,23
Bereu,23
Bereu,23
Bereu,23
Bereu,23
Bereu,23
Bereu,23
Bereu,23
Bereu,23
Bereu,23
Bereu,23
Bereu,23
Bereu,23
Bereu,23
Bereu,23
Bereu,23
Bereu,23
Bereu,23
Bereu,23
Bereu,23
Bereu,23
Bereu,23
Bereu,23
Bereu,23
Bereu,23
Bereu,23
Bereu,23
Bereu,23
Bereu,23
Bereu,23
Bereu,23
Bereu,23
Bereu,23
Bereu,23
Bereu,23
Bereu,23
Bereu,23
Bereu,23
Bereu,23
Bereu,23
Bereu,23
Bereu,23
Bereu,23
Bereu,23
Bereu,23
Bereu,23
Bereu,23
Bereu,23
Bereu,23
Bereu,23
Bereu,23
Bereu,23
Bereu,23
Bereu,23
Bereu,23
Bereu,23
Bereu,23
Bereu,23
Bereu,23
Bereu,23
Bereu,23
Bereu,23
Bereu,23
Bereu,23
Bereu,23
Bereu,23
Bereu,23
Bereu,23
Bereu,23
Bereu,23
Bereu,23
Bereu,23
Bereu,23
Bereu,23
Bereu,23
Bereu,23
Bereu,23
Bereu,23
Bereu,23
Bereu,23
Bereu,23
Bereu,23
Bereu,23
Bereu,23
Bereu,23
Bereu,23
Bereu,23
Bereu,23
Bereu,23
Bereu,23
Bereu,23
Bereu,23
Bereu,23
Bereu,23
Bereu,23
Bereu,23
Bereu,23
Bereu,23
Bereu,23
Bereu,23
Bereu,23
Bereu,23
Bereu,23
Bereu,23
Bereu,23
Bereu,23
Bereu,23
Bereu,23
Bereu,23
Bereu,23
Bereu,23
Bereu,23
Bereu,23
Bereu,23
Bereu,23
Bereu,23
Bereu,23
Bereu,23
Bereu,23
Bereu,23
Bereu,23
Bereu,23
Bereu,23
Bereu,23
Bereu,23
Bereu,23
Bereu,23
Bereu,23
Bereu,23
Bereu,23
Bereu,23
Bereu,23
Bereu,23
Bereu,23
Bereu,23
Bereu,23
Bereu,23
Bereu,23
Bereu,23
Bereu,23
Bereu,23
Bereu,23
Bereu,23
Bereu,23
Bereu,23
Bereu,23
Bereu,23
Bereu,23
Bereu,23
Bereu,23
Bereu,23
Bereu,23
Bereu,23
Bereu,23
Bereu,23
Bereu,23
Bereu,23
Bereu,23
Bereu,23
Bereu,23
Bereu,23
Bereu,23
Bereu,23
Bereu,23
Bereu,23
Bereu,23
Bereu,23
Bereu,23
Bereu,23
Bereu,23
Bereu,23
Bereu,23
Bereu,23
Bereu,23
Bereu,23
Bereu,23
Bereu,23
Bereu,23
Bereu,23
Bereu,23
Bereu,23
Bereu,23
Bereu,23
Bereu,23
Bereu,23
Bereu,23
Bereu,23
Bereu,23
Bereu,23
Bereu,23
Bereu,23
Bereu,23
Bereu,23
Bereu,23
Bereu,23
Bereu,23
Bereu,23
Bereu,23
Bereu,23
Bereu,23
Bereu,23
Bereu,23
Bereu,23
Bereu,23
Bereu,23
Bereu,23
Bereu,23
Bereu,23
Bereu,23
Bereu,23
Bereu,23
Bereu,23
Bereu,23
Bereu,23
Bereu,23
Bereu,23
Bereu,23
Bereu,23
Bereu,23
Bereu,23
Bereu,23
Bereu,23
Bereu,23
Bereu,23
Bereu,23
Bereu,23
Bereu,23
Bereu,23
Bereu,23
Bereu,23
Bereu,23
Bereu,23
Bereu,23
Bereu,23
Bereu,23
Bereu,23
Bereu,23
Bereu,23
Bereu,23
Bereu,23
Bereu,23
Bereu,23
Bereu,23
Bereu,23
Bereu,23
Bereu,23
Bereu,23
Bereu,23
Bereu,23
Bereu,23
Bereu,23
Bereu,23
Bereu,23
Bereu,23
Bereu,23
Bereu,23
Bereu,23
Bereu,23
Bereu,23
Bereu,23
Bereu,23
Bereu,23
Bereu,23
Bereu,23
Bereu,23
Bereu,23
Bereu,23
Bereu,23
Bereu,23
Bereu,23
Bereu,23
Bereu,23
Bereu,23
Bereu,23
Bereu,23
Bereu,23
Bereu,23
Bereu,23
Bereu,23
Bereu,23
Bereu,23
Bereu,23
Bereu,23
Bereu,23
Bereu,23
Bereu,23
Bereu,23
Bereu,23
Bereu,23
Bereu,23
Bereu,23
Bereu,23
Bereu,23
Bereu,23
Bereu,23
Bereu,23
Bereu,23
Bereu,23
Bereu,23
Bereu,23
Bereu,23
Bereu,23
Bereu,23
Bereu,23
Bereu,23
Bereu,23
Bereu,23
Bereu,23
Bereu,23
Bereu,23
Bereu,23
Bereu,23
Bereu,23
Bereu,23
Bereu,23
Bereu,23
Bereu,23
Bereu,23
Bereu,23
Bereu,23
Bereu,23
Bereu,23
Bereu,23
Bereu,23
Bereu,23
Bereu,23
Bereu,23
Bereu,23
Bereu,23
Bereu,23
Bereu,23
Bereu,23
Bereu,23
Bereu,23
Bereu,23
Bereu,23
Bereu,23
Bereu,23
Bereu,23
Bereu,23
Bereu,23
Bereu,23
Bereu,23
Bereu,23
Bereu,23
Bereu,23
Bereu,23
Bereu,23
Bereu,23
Bereu,23
Bereu,23
Bereu,23
Bereu,23
Bereu,23
Bereu,23
Bereu,23
Bereu,23
Bereu,23
Bereu,23
Bereu,23
Bereu,23
Bereu,23
Bereu,23
Bereu,23
Bereu,23
Bereu,23
Bereu,23
Bereu,23
Bereu,23
Bereu,23
Bereu,23
Bereu,23
Bereu,23
Bereu,23
Bereu,23
Bereu,23
Bereu,23
Bereu,23
Bereu,23
Bereu,23
Bereu,23
Bereu,23
Bereu,23
Bereu,23
Bereu,23
Bereu,23
Bereu,23
Bereu,23
Bereu,23
Bereu,23
Bereu,23
Bereu,23
Bereu,23
Bereu,23
Bereu,23
Bereu,23
Bereu,23
Bereu,23
Bereu,23
Bereu,23
Bereu,23
Bereu,23
Bereu,23
Bereu,23
Bereu,23
Bereu,23
Bereu,23
Bereu,23
Bereu,23
Bereu,23
Bereu,23
Bereu,23
Bereu,23
Bereu,23
Bereu,23
Bereu,23
Bereu,23
Bereu,23
Bereu,23
Bereu,23
Bereu,23
Bereu,23
Bereu,23
Bereu,23
Bereu,23
Bereu,23
Bereu,23
Bereu,23
Bereu,23
Bereu,23
Bereu,23
Bereu,23
Bereu,23
Bereu,23
Bereu,23
Bereu,23
Bereu,23
Bereu,23
Bereu,23
Bereu,23
Bereu,23
Bereu,23
Bereu,23
Bereu,23
Bereu,23
Bereu,23
Bereu,23
Bereu,23
Bereu,23
Bereu,23
Bereu,23
Bereu,23
Bereu,23
Bereu,23
Bereu,23
Bereu,23
Bereu,23
Bereu,23
Bereu,23
Bereu,23
Bereu,23
Bereu,23
Bereu,23
Bereu,23
Bereu,23
Bereu,23
Bereu,23
Bereu,23
Bereu,23
Bereu,23
Bereu,23
Bereu,23
Bereu,23
Bereu,23
Bereu,23
Bereu,23
Bereu,23
Bereu,23
Bereu,23
Bereu,23
Bereu,23
Bereu,23
Bereu,23
Bereu,23
Bereu,23
Bereu,23
Bereu,23
Bereu,23
Bereu,23
Bereu,23
Bereu,23
Bereu,23
Bereu,23
Bereu,23
Bereu,23
Bereu,23
Bereu,23
Bereu,23
Bereu,23
Bereu,23
Bereu,23
Bereu,23
Bereu,23
Bereu,23
Bereu,23
Bereu,23
Bereu,23
Bereu,23
Bereu,23
Bereu,23
Bereu,23
Bereu,23
Bereu,23
Bereu,23
Bereu,23
Bereu,23
Bereu,23
Bereu,23
Bereu,23
Bereu,23
Bereu,23
Bereu,23
Bereu,23
Bereu,23
Bereu,23
Bereu,23
Bereu,23
Bereu,23
Bereu,23
Bereu,23
Bereu,23
Bereu,23
Bereu,23
Bereu,23
Bereu,23
Bereu,23
Bereu,23
Bereu,23
Bereu,23
Bereu,23
Bereu,23
Bereu,23
Bereu,23
Bereu,23
Bereu,23
Bereu,23
Bereu,23
Bereu,23
Bereu,23
Bereu,23
Bereu,23
Bereu,23
Bereu,23
Bereu,23
Bereu,23
Bereu,23
Bereu,23
Bereu,23
Bereu,23
Bereu,23
Bereu,23
Bereu,23
Bereu,23
Bereu,23
Bereu,23
Bereu,23
Bereu,23
Bereu,23
Bereu,23
Bereu,23
Bereu,23
Bereu,23
Bereu,23
Bereu,23
Bereu,23
Bereu,23
Bereu,23
Bereu,23
Bereu,23
Bereu,23
Bereu,23
Bereu,23
Bereu,23
Bereu,23
Bereu,23
Bereu,23
Bereu,23
Bereu,23
Bereu,23
Bereu,23
Bereu,23
Bereu,23
Bereu,23
Bereu,23
Bereu,23
Bereu,23
Bereu,23
Bereu,23
Bereu,23
Bereu,23
Bereu,23
Bereu,23
Bereu,23
Bereu,23
Bereu,23
Bereu,23
Bereu,23
Bereu,23
Bereu,23
Bereu,23
Bereu,23
Bereu,23
Bereu,23
Bereu,23
Bereu,23
Bereu,23
Bereu,23
Bereu,23
Bereu,23
Bereu,23
Bereu,23
Bereu,23
Bereu,23
Bereu,23
Bereu,23
Bereu,23
Bereu,23
Bereu,23
Bereu,23
Bereu,23
Bereu,23
Bereu,23
Bereu,23
Bereu,23
Bereu,23
Bereu,23
Bereu,23
Bereu,23
Bereu,23
Bereu,23
Bereu,23
Bereu,23
Bereu,23
Bereu,23
Bereu,23
Bereu,23
Bereu,23
Bereu,23
Bereu,23
Bereu,23
Bereu,23
Bereu,23
Bereu,23
Bereu,23
Bereu,23
Bereu,23
Bereu,23
Bereu,23
Bereu,23
Bereu,23
Bereu,23
Bereu,23
Bereu,23
Bereu,23
Bereu,23
Bereu,23
Bereu,23
Bereu,23
Bereu,23
Bereu,23
Bereu,23
Bereu,23
Bereu,23
Bereu,23
Bereu,23
Bereu,23
Bereu,23
Bereu,23
Bereu,23
Bereu,23
Bereu,23
Bereu,23
Bereu,23
Bereu,23
Bereu,23
Bereu,23
Bereu,23
Bereu,23
Bereu,23
Bereu,23
Bereu,23
Bereu,23
Bereu,23
Bereu,23
Bereu,23
Bereu,23
Bereu,23
Bereu,23
Bereu,23
Bereu,23
Bereu,23
Bereu,23
Bereu,23
Bereu,23
Bereu,23
Bereu,23
Bereu,23
Bereu,23
Bereu,23
Bereu,23
Bereu,23
Bereu,23
Bereu,23
Bereu,23
Bereu,23
Bereu,23
Bereu,23
Bereu,23
Bereu,23
Bereu,23
Bereu,23
Bereu,23
Bereu,23
Bereu,23
Bereu,23
Bereu,23
Bereu,23
Bereu,23
Bereu,23
Bereu,23
Bereu,23
Bereu,23
Bereu,23
Bereu,23
Bereu,23
Bereu,23
Bereu,23
Bereu,23
Bereu,23
Bereu,23
Bereu,23
Bereu,23
Bereu,23
Bereu,23
Bereu,23
Bereu,23
Bereu,23
Bereu,23
Bereu,23
Bereu,23
Bereu,23
Bereu,23
Bereu,23
Bereu,23
Bereu,23
Bereu,23
Bereu,23
Bereu,23
Bereu,23
Bereu,23
Bereu,23
Bereu,23
Bereu,23
Bereu,23
Bereu,23
Bereu,23
Bereu,23
Bereu,23
Bereu,23
Bereu,23
Bereu,23
Bereu,23
Bereu,23
Bereu,23
Bereu,23
Bereu,23
Bereu,23
Bereu,23
Bereu,23
Bereu,23
Bereu,23
Bereu,23
Bereu,23
Bereu,23
Bereu,23
Bereu,23
Bereu,23
Bereu,23
Bereu,23
Bereu,23
Bereu,23
Bereu,23
Bereu,23
Bereu,23
Bereu,23
Bereu,23
Bereu,23
Bereu,23
Bereu,23
Bereu,23
Bereu,23
Bereu,23
Bereu,23
Bereu,23
Bereu,23
Bereu,23
Bereu,23
Bereu,23
Bereu,23
Bereu,23
Bereu,23
Bereu,23
Bereu,23
Bereu,23
Bereu,23
Bereu,23
Bereu,23
Bereu,23
Bereu,23
Bereu,23
Bereu,23
Bereu,23
Bereu,23
Bereu,23
Bereu,23
Bereu,23
Bereu,23
Bereu,23
Bereu,23
Bereu,23
Bereu,23
Bereu,23
Bereu,23
Bereu,23
Bereu,23
Bereu,23
Bereu,23
Bereu,23
Bereu,23
Bereu,23
Bereu,23
Bereu,23
Bereu,23
Bereu,23
Bereu,23
Bereu,23
Bereu,23
Bereu,23
Bereu,23
Bereu,23
Bereu,23
Bereu,23
Bereu,23
Bereu,23
Bereu,23
Bereu,23
Bereu,23
Bereu,23
Bereu,23
Bereu,23
Bereu,23
Bereu,23
Bereu,23
Bereu,23
Bereu,23
Bereu,23
Bereu,23
Bereu,23
Bereu,23
Bereu,23
Bereu,23
Bereu,23
Bereu,23
Bereu,23
Bereu,23
Bereu,23
Bereu,23
Bereu,23
Bereu,23
Bereu,23
Bereu,23
Bereu,23
Bereu,23
Bereu,23
Bereu,23
Bereu,23
Bereu,23
Bereu,23
Bereu,23
Bereu,23
Bereu,23
Bereu,23
Bereu,23
Bereu,23
Bereu,23
Bereu,23
Bereu,23
Bereu,23
Bereu,23
Bereu,23
Bereu,23
Bereu,23
Bereu,23
Bereu,23
Bereu,23
Bereu,23
Bereu,23
Bereu,23
Bereu,23
Bereu,23
Bereu,23
Bereu,23
Bereu,23
Bereu,23
Bereu,23
Bereu,23
Bereu,23
Bereu,23
Bereu,23
Bereu,23
Bereu,23
Bereu,23
Bereu,23
Bereu,23
Bereu,23
Bereu,23
Bereu,23
Bereu,23
Bereu,23
Bereu,23
Bereu,23
Bereu,23
Bereu,23
Bereu,23
Bereu,23
Bereu,23
Bereu,23
Bereu,23
Bereu,23
Bereu,23
Bereu,23
Bereu,23
Bereu,23
Bereu,23
Bereu,23
Bereu,23
Bereu,23
Bereu,23
Bereu,23
Bereu,23
Bereu,23
Bereu,23
Bereu,23
Bereu,23
Bereu,23
Bereu,23
Bereu,23
Bereu,23
Bereu,23
Bereu,23
Bereu,23
Bereu,23
Bereu,23
Bereu,23
Bereu,23
Bereu,23
Bereu,23
Bereu,23
Bereu,23
Bereu,23
Bereu,23
Bereu,23
Bereu,23
Bereu,23
Bereu,23
Bereu,23
Bereu,23
Bereu,23
Bereu,23
Bereu,23
Bereu,23
Bereu,23
Bereu,23
Bereu,23
Bereu,23
Bereu,23
Bereu,23
Bereu,23
Bereu,23
Bereu,23
Bereu,23
Bereu,23
Bereu,23
Bereu,23
Bereu,23
Bereu,23
Bereu,23
Bereu,23
Bereu,23
Bereu,23
Bereu,23
Bereu,23
Bereu,23
Bereu,23
Bereu,23
Bereu,23
Bereu,23
Bereu,23
Bereu,23
Bereu,23
Bereu,23
Bereu,23
Bereu,23
Bereu,23
Bereu,23
Bereu,23
Bereu,23
Bereu,23
Bereu,23
Bereu,23
Bereu,23
Bereu,23
Bereu,23
Bereu,23
Bereu,23
Bereu,23
Bereu,23
Bereu,23
Bereu,23
Bereu,23
Bereu,23
Bereu,23
Bereu,23
Bereu,23
Bereu,23
Bereu,23
Bereu,23
Bereu,23
Bereu,23
Bereu,23
Bereu,23
Bereu,23
Bereu,23
Bereu,23
Bereu,23
Bereu,23
Bereu,23
Bereu,23
Bereu,23
Bereu,23
Bereu,23
Bereu,23
Bereu,23
Bereu,23
Bereu,23
Bereu,23
Bereu,23
Bereu,23
Bereu,23
Bereu,23
Bereu,23
Bereu,23
Bereu,23
Bereu,23
Bereu,23
Bereu,23
Bereu,23
Bereu,23
Bereu,23
Bereu,23
Bereu,23
Bereu,23
Bereu,23
Bereu,23
Bereu,23
Bereu,23
Bereu,23
Bereu,23
Bereu,23
Bereu,23
Bereu,23
Bereu,23
Bereu,23
Bereu,23
Bereu,23
Bereu,23
Bereu,23
Bereu,23
Bereu,23
Bereu,23
Bereu,23
Bereu,23
Bereu,23
Bereu,23
Bereu,23
Bereu,23
Bereu,23
Bereu,23
Bereu,23
Bereu,23
Bereu,23
Bereu,23
Bereu,23
Bereu,23
Bereu,23
Bereu,23
Bereu,23
Bereu,23
Bereu,23
Bereu,23
Bereu,23
Bereu,23
Bereu,23
Bereu,23
Bereu,23
Bereu,23
Bereu,23
Bereu,23
Bereu,23
Bereu,23
Bereu,23
Bereu,23
Bereu,23
Bereu,23
Bereu,23
Bereu,23
Bereu,23
Bereu,23
Bereu,23
Bereu,23
Bereu,23
Bereu,23
Bereu,23
Bereu,23
Bereu,23
Bereu,23
Bereu,23
Bereu,23
Bereu,23
Bereu,23
Bereu,23
Bereu,23
Bereu,23
Bereu,23
Bereu,23
Bereu,23
Bereu,23
Bereu,23
Bereu,23
Bereu,23
Bereu,23
Bereu,23
Bereu,23
Bereu,23
Bereu,23
Bereu,23
Bereu,23
Bereu,23
Bereu,23
Bereu,23
Bereu,23
Bereu,23
Bereu,23
Bereu,23
Bereu,23
Bereu,23
Bereu,23
Bereu,23
Bereu,23
Bereu,23
Bereu,23
Bereu,23
Bereu,23
Bereu,23
Bereu,23
Bereu,23
Bereu,23
Bereu,23
Bereu,23
Bereu,23
Bereu,23
Bereu,23
Bereu,23
Bereu,23
Bereu,23
Bereu,23
Bereu,23
Bereu,23
Bereu,23
Bereu,23
Bereu,23
Bereu,23
Bereu,23
Bereu,23
Bereu,23
Bereu,23
Bereu,23
Bereu,23
Bereu,23
Bereu,23
Bereu,23
Bereu,23
Bereu,23
Bereu,23
Bereu,23
Bereu,23
Bereu,23
Bereu,23
Bereu,23
Bereu,23
Bereu,23
Bereu,23
Bereu,23
Bereu,23
Bereu,23
Bereu,23
Bereu,23
Bereu,23
Bereu,23
Bereu,23
Bereu,23
Bereu,23
Bereu,23
Bereu,23
Bereu,23
Bereu,23
Bereu,23
Bereu,23
Bereu,23
Bereu,23
Bereu,23
Bereu,23
Bereu,23
Bereu,23
Bereu,23
Bereu,23
Bereu,23
Bereu,23
Bereu,23
Bereu,23
Bereu,23
Bereu,23
Bereu,23
Bereu,23
Bereu,23
Bereu,23
Bereu,23
Bereu,23
Bereu,23
Bereu,23
Bereu,23
Bereu,23
Bereu,23
Bereu,23
Bereu,23
Bereu,23
Bereu,23
Bereu,23
Bereu,23
Bereu,23
Bereu,23
Bereu,23
Bereu,23
Bereu,23
Bereu,23
Bereu,23
Bereu,23
Bereu,23
Bereu,23
Bereu,23
Bereu,23
Bereu,23
Bereu,23
Bereu,23
Bereu,23
Bereu,23
Bereu,23
Bereu,23
Bereu,23
Bereu,23
Bereu,23
Bereu,23
Bereu,23
Bereu,23
Bereu,23
Bereu,23
Bereu,23
Bereu,23
Bereu,23
Bereu,23
Bereu,23
Bereu,23
Bereu,23
Bereu,23
Bereu,23
Bereu,23
Bereu,23
Bereu,23
Bereu,23
Bereu,23
Bereu,23
Bereu,23
Bereu,23
Bereu,23
Bereu,23
Bereu,23
Bereu,23
Bereu,23
Bereu,23
Bereu,23
Bereu,23
Bereu,23
Bereu,23
Bereu,23
Bereu,23
Bereu,23
Bereu,23
Bereu,23
Bereu,23
Bereu,23
Bereu,23
Bereu,23
Bereu,23
Bereu,23
Bereu,23
Bereu,23
Bereu,23
Bereu,23
Bereu,23
Bereu,23
Bereu,23
Bereu,23
Bereu,23
Bereu,23
Bereu,23
Bereu,23
Bereu,23
Bereu,23
Bereu,23
Bereu,23
Bereu,23
Bereu,23
Bereu,23
Bereu,23
Bereu,23
Bereu,23
Bereu,23
Bereu,23
Bereu,23
Bereu,23
Bereu,23
Bereu,23
Bereu,23
Bereu,23
Bereu,23
Bereu,23
Bereu,23
Bereu,23
Bereu,23
Bereu,23
Bereu,23
Bereu,23
Bereu,23
Bereu,23
Bereu,23
Bereu,23
Bereu,23
Bereu,23
Bereu,23
Bereu,23
Bereu,23
Bereu,23
Bereu,23
Bereu,23
Bereu,23
Bereu,23
Bereu,23
Bereu,23
Bereu,23
Bereu,23
Bereu,23
Bereu,23
Bereu,23
Bereu,23
Bereu,23
Bereu,23
Bereu,23
Bereu,23
Bereu,23
Bereu,23
Bereu,23
Bereu,23
Bereu,23
Bereu,23
Bereu,23
Bereu,23
Bereu,23
Bereu,23
Bereu,23
Bereu,23
Bereu,23
Bereu,23
Bereu,23
Bereu,23
Bereu,23
Bereu,23
Bereu,23
Bereu,23
Bereu,23
Bereu,23
Bereu,23
Bereu,23
Bereu,23
Bereu,23
Bereu,23
Bereu,23
Bereu,23
Bereu,23
Bereu,23
Bereu,23
Bereu,23
Bereu,23
Bereu,23
Bereu,23
Bereu,23
Bereu,23
Bereu,23
Bereu,23
Bereu,23
Bereu,23
Bereu,23
Bereu,23
Bereu,23
Bereu,23
Bereu,23
Bereu,23
Bereu,23
Bereu,23
Bereu,23
Bereu,23
Bereu,23
Bereu,23
Bereu,23
Bereu,23
Bereu,23
Bereu,23
Bereu,23
Bereu,23
Bereu,23
Bereu,23
Bereu,23
Bereu,23
Bereu,23
Bereu,23
Bereu,23
Bereu,23
Bereu,23
Bereu,23
Bereu,23
Bereu,23
Bereu,23
Bereu,23
Bereu,23
Bereu,23
Bereu,23
Bereu,23
Bereu,23
Bereu,23
Bereu,23
Bereu,23
Bereu,23
Bereu,23
Bereu,23
Bereu,23
Bereu,23
Bereu,23
Bereu,23
Bereu,23
Bereu,23
Bereu,23
Bereu,23
Bereu,23
Bereu,23
Bereu,23
Bereu,23
Bereu,23
Bereu,23
Bereu,23
Bereu,23
Bereu,23
Bereu,23
Bereu,23
Bereu,23
Bereu,23
Bereu,23
Bereu,23
Bereu,23
Bereu,23
Bereu,23
Bereu,23
Bereu,23
Bereu,23
Bereu,23
Bereu,23
Bereu,23
Bereu,23
Bereu,23
Bereu,23
Bereu,23
Bereu,23
Bereu,23
Bereu,23
Bereu,23
Bereu,23
Bereu,23
Bereu,23
Bereu,23
Bereu,23
Bereu,23
Bereu,23
Bereu,23
Bereu,23
Bereu,23
Bereu,23
Bereu,23
Bereu,23
Bereu,23
Bereu,23
Bereu,23
Bereu,23
Bereu,23
Bereu,23
Bereu,23
Bereu,23
Bereu,23
Bereu,23
Bereu,23
Bereu,23
Bereu,23
Bereu,23
Bereu,23
Bereu,23
Bereu,23
Bereu,23
Bereu,23
Bereu,23
Bereu,23
Bereu,23
Bereu,23
Bereu,23
Bereu,23
Bereu,23
Bereu,23
Bereu,23
Bereu,23
Bereu,23
Bereu,23
Bereu,23
Bereu,23
Bereu,23
Bereu,23
Bereu,23
Bereu,23
Bereu,23
Bereu,23
Bereu,23
Bereu,23
Bereu,23
Bereu,23
Bereu,23
Bereu,23
Bereu,23
Bereu,23
Bereu,23
Bereu,23
Bereu,23
Bereu,23
Bereu,23
Bereu,23
Bereu,23
Bereu,23
Bereu,23
Bereu,23
Bereu,23
Bereu,23
Bereu,23
Bereu,23
Bereu,23
Bereu,23
Bereu,23
Bereu,23
Bereu,23
Bereu,23
Bereu,23
Bereu,23
Bereu,23
Bereu,23
Bereu,23
Bereu,23
Bereu,23
Bereu,23
Bereu,23
Bereu,23
Bereu,23
Bereu,23
Bereu,23
Bereu,23
Bereu,23
Bereu,23
Bereu,23
Bereu,23
Bereu,23
Bereu,23
Bereu,23
Bereu,23
Bereu,23
Bereu,23
Bereu,23
Bereu,23
Bereu,23
Bereu,23
Bereu,23
Bereu,23
Bereu,23
Bereu,23
Bereu,23
Bereu,23
Bereu,23
Bereu,23
Bereu,23
Bereu,23
Bereu,23
Bereu,23
Bereu,23
Bereu,23
Bereu,23
Bereu,23
Bereu,23
Bereu,23
Bereu,23
Bereu,23
Bereu,23
Bereu,23
Bereu,23
Bereu,23
Bereu,23
Bereu,23
Bereu,23
Bereu,23
Bereu,23
Bereu,23
Bereu,23
Bereu,23
Bereu,23
Bereu,23
Bereu,23
Bereu,23
Bereu,23
Bereu,23
Bereu,23
Bereu,23
Bereu,23
Bereu,23
Bereu,23
Bereu,23
Bereu,23
Bereu,23
Bereu,23
Bereu,23
Bereu,23
Bereu,23
Bereu,23
Bereu,23
Bereu,23
Bereu,23
Bereu,23
Bereu,23
Bereu,23
Bereu,23
Bereu,23
Bereu,23
Bereu,23
Bereu,23
Bereu,23
Bereu,23
Bereu,23
Bereu,23
Bereu,23
Bereu,23
Bereu,23
Bereu,23
Bereu,23
Bereu,23
Bereu,23
Bereu,23
Bereu,23
Bereu,23
Bereu,23
Bereu,23
Bereu,23
Bereu,23
Bereu,23
Bereu,23
Bereu,23
Bereu,23
Bereu,23
Bereu,23
Bereu,23
Bereu,23
Bereu,23
Bereu,23
Bereu,23
Bereu,23
Bereu,23
Bereu,23
Bereu,23
Bereu,23
Bereu,23
Bereu,23
Bereu,23
Bereu,23
Bereu,23
Bereu,23
Bereu,23
Bereu,23
Bereu,23
Bereu,23
Bereu,23
Bereu,23
Bereu,23
Bereu,23
Bereu,23
Bereu,23
Bereu,23
Bereu,23
Bereu,23
Bereu,23
Bereu,23
Bereu,23
Bereu,23
Bereu,23
Bereu,23
Bereu,23
Bereu,23
Bereu,23
Bereu,23
Bereu,23
Bereu,23
Bereu,23
Bereu,23
Bereu,23
Bereu,23
Bereu,23
Bereu,23
Bereu,23
Bereu,23
Bereu,23
Bereu,23
Bereu,23
Bereu,23
Bereu,23
Bereu,23
Bereu,23
Bereu,23
Bereu,23
Bereu,23
Bereu,23
Bereu,23
Bereu,23
Bereu,23
Bereu,23
Bereu,23
Bereu,23
Bereu,23
Bereu,23
Bereu,23
Bereu,23
Bereu,23
Bereu,23
Bereu,23
Bereu,23
Bereu,23
Bereu,23
Bereu,23
Bereu,23
Bereu,23
Bereu,23
Bereu,23
Bereu,23
Bereu,23
Bereu,23
Bereu,23
Bereu,23
Bereu,23
Bereu,23
Bereu,23
Bereu,23
Bereu,23
Bereu,23
Bereu,23
Bereu,23
Bereu,23
Bereu,23
Bereu,23
Bereu,23
Bereu,23
Bereu,23
Bereu,23
Bereu,23
Bereu,23
Bereu,23
Bereu,23
Bereu,23
Bereu,23
Bereu,23
Bereu,23
Bereu,23
Bereu,23
Bereu,23
Bereu,23
Bereu,23
Bereu,23
Bereu,23
Bereu,23
Bereu,23
Bereu,23
Bereu,23
Bereu,23
Bereu,23
Bereu,23
Bereu,23
Bereu,23
Bereu,23
Bereu,23
Bereu,23
Bereu,23
Bereu,23
Bereu,23
Bereu,23
Bereu,23
Bereu,23
Bereu,23
Bereu,23
Bereu,23
Bereu,23
Bereu,23
Bereu,23
Bereu,23
Bereu,23
Bereu,23
Bereu,23
Bereu,23
Bereu,23
Bereu,23
Bereu,23
Bereu,23
Bereu,23
Bereu,23
Bereu,23
Bereu,23
Bereu,23
Bereu,23
Bereu,23
Bereu,23
Bereu,23
Bereu,23
Bereu,23
Bereu,23
Bereu,23
Bereu,23
Bereu,23
Bereu,23
Bereu,23
Bereu,23
Bereu,23
Bereu,23
Bereu,23
Bereu,23
Bereu,23
Bereu,23
Bereu,23
Bereu,23
Bereu,23
Bereu,23
Bereu,23
Bereu,23
Bereu,23
Bereu,23
Bereu,23
Bereu,23
Bereu,23
Bereu,23
Bereu,23
Bereu,23
Bereu,23
Bereu,23
Bereu,23
Bereu,23
Bereu,23
Bereu,23
Bereu,23
Bereu,23
Bereu,23
Bereu,23
Bereu,23
Bereu,23
Bereu,23
Bereu,23
Bereu,23
Bereu,23
Bereu,23
Bereu,23
Bereu,23
Bereu,23
Bereu,23
Bereu,23
Bereu,23
Bereu,23
Bereu,23
Bereu,23
Bereu,23
Bereu,23
Bereu,23
Bereu,23
Bereu,23
Bereu,23
Bereu,23
Bereu,23
Bereu,23
Bereu,23
Bereu,23
Bereu,23
Bereu,23
Bereu,23
Bereu,23
Bereu,23
Bereu,23
Bereu,23
Bereu,23
Bereu,23
Bereu,23
Bereu,23
Bereu,23
Bereu,23
Bereu,23
Bereu,23
Bereu,23
Bereu,23
Bereu,23
Bereu,23
Bereu,23
Bereu,23
Bereu,23
Bereu,23
Bereu,23
Bereu,23
Bereu,23
Bereu,23
Bereu,23
Bereu,23
Bereu,23
Bereu,23
Bereu,23
Bereu,23
Bereu,23
Bereu,23
Bereu,23
Bereu,23
Bereu,23
Bereu,23
Bereu,23
Bereu,23
Bereu,23
Bereu,23
Bereu,23
Bereu,23
Bereu,23
Bereu,23
Bereu,23
Bereu,23
Bereu,23
Bereu,23
Bereu,23
Bereu,23
Bereu,23
Bereu,23
Bereu,23
Bereu,23
Bereu,23
Bereu,23
Bereu,23
Bereu,23
Bereu,23
Bereu,23
Bereu,23
Bereu,23
Bereu,23
Bereu,23
Bereu,23
Bereu,23
Bereu,23
Bereu,23
Bereu,23
Bereu,23
Bereu,23
Bereu,23
Bereu,23
Bereu,23
Bereu,23
Bereu,23
Bereu,23
Bereu,23
Bereu,23
Bereu,23
Bereu,23
Bereu,23
Bereu,23
Bereu,23
Bereu,23
Bereu,23
Bereu,23
Bereu,23
Bereu,23
Bereu,23
Bereu,23
Bereu,23
Bereu,23
Bereu,23
Bereu,23
Bereu,23
Bereu,23
Bereu,23
Bereu,23
Bereu,23
Bereu,23
Bereu,23
Bereu,23
Bereu,23
Bereu,23
Bereu,23
Bereu,23
Bereu,23
Bereu,23
Bereu,23
Bereu,23
Bereu,23
Bereu,23
Bereu,23
Bereu,23
Bereu,23
Bereu,23
Bereu,23
Bereu,23
Bereu,23
Bereu,23
Bereu,23
Bereu,23
Bereu,23
Bereu,23
Bereu,23
Bereu,23
Bereu,23
Bereu,23
Bereu,23
Bereu,23
Bereu,23
Bereu,23
Bereu,23
Bereu,23
Bereu,23
Bereu,23
Bereu,23
Bereu,23
Bereu,23
Bereu,23
Bereu,23
Bereu,23
Bereu,23
Bereu,23
Bereu,23
Bereu,23
Bereu,23
Bereu,23
Bereu,23
Bereu,23
Bereu,23
Bereu,23
Bereu,23
Bereu,23
Bereu,23
Bereu,23
Bereu,23
Bereu,23
Bereu,23
Bereu,23
Bereu,23
Bereu,23
Bereu,23
Bereu,23
Bereu,23
Bereu,23
Bereu,23
Bereu,23
Bereu,23
Bereu,23
Bereu,23
Bereu,23
Bereu,23
Bereu,23
Bereu,23
Bereu,23
Bereu,23
Bereu,23
Bereu,23
Bereu,23
Bereu,23
Bereu,23
Bereu,23
Bereu,23
Bereu,23
Bereu,23
Bereu,23
Bereu,23
Bereu,23
Bereu,23
Bereu,23
Bereu,23
Bereu,23
Bereu,23
Bereu,23
Bereu,23
Bereu,23
Bereu,23
Bereu,23
Bereu,23
Bereu,23
Bereu,23
Bereu,23
Bereu,23
Bereu,23
Bereu,23
Bereu,23
Bereu,23
Bereu,23
Bereu,23
Bereu,23
Bereu,23
Bereu,23
Bereu,23
Bereu,23
Bereu,23
Bereu,23
Bereu,23
Bereu,23
Bereu,23
Bereu,23
Bereu,23
Bereu,23
Bereu,23
Bereu,23
Bereu,23
Bereu,23
Bereu,23
Bereu,23
Bereu,23
Bereu,23
Bereu,23
Bereu,23
Bereu,23
Bereu,23
Bereu,23
Bereu,23
Bereu,23
Bereu,23
Bereu,23
Bereu,23
Bereu,23
Bereu,23
Bereu,23
Bereu,23
Bereu,23
Bereu,23
Bereu,23
Bereu,23
Bereu,23
Bereu,23
Bereu,23
Bereu,23
Bereu,23
Bereu,23
Bereu,23
Bereu,23
Bereu,23
Bereu,23
Bereu,23
Bereu,23
Bereu,23
Bereu,23
Bereu,23
Bereu,23
Bereu,23
Bereu,23
Bereu,23
Bereu,23
Bereu,23
Bereu,23
Bereu,23
Bereu,23
Bereu,23
Bereu,23
Bereu,23
Bereu,23
Bereu,23
Bereu,23
Bereu,23
Bereu,23
Bereu,23
Bereu,23
Bereu,23
Bereu,23
Bereu,23
Bereu,23
Bereu,23
Bereu,23
Bereu,23
Bereu,23
Bereu,23
Bereu,23
Bereu,23
Bereu,23
Bereu,23
Bereu,23
Bereu,23
Bereu,23
Bereu,23
Bereu,23
Bereu,23
Bereu,23
Bereu,23
Bereu,23
Bereu,23
Bereu,23
Bereu,23
Bereu,23
Bereu,23
Bereu,23
Bereu,23
Bereu,23
Bereu,23
Bereu,23
Bereu,23
Bereu,23
Bereu,23
Bereu,23
Bereu,23
Bereu,23
Bereu,23
Bereu,23
Bereu,23
Bereu,23
Bereu,23
Bereu,23
Bereu,23
Bereu,23
Bereu,23
Bereu,23
Bereu,23
Bereu,23
Bereu,23
Bereu,23
Bereu,23
Bereu,23
Bereu,23
Bereu,23
Bereu,23
Bereu,23
Bereu,23
Bereu,23
Bereu,23
Bereu,23
Bereu,23
Bereu,23
Bereu,23
Bereu,23
Bereu,23
Bereu,23
Bereu,23
Bereu,23
Bereu,23
Bereu,23
Bereu,23
Bereu,23
Bereu,23
Bereu,23
Bereu,23
Bereu,23
Bereu,23
Bereu,23
Bereu,23
Bereu,23
Bereu,23
Bereu,23
Bereu,23
Bereu,23
Bereu,23
Bereu,23
Bereu,23
Bereu,23
Bereu,23
Bereu,23
Bereu,23
Bereu,23
Bereu,23
Bereu,23
Bereu,23
Bereu,23
Bereu,23
Bereu,23
Bereu,23
Bereu,23
Bereu,23
Bereu,23
Bereu,23
Bereu,23
Bereu,23
Bereu,23
Bereu,23
Bereu,23
Bereu,23
Bereu,23
Bereu,23
Bereu,23
Bereu,23
Bereu,23
Bereu,23
Bereu,23
Bereu,23
Bereu,23
Bereu,23
Bereu,23
Bereu,23
Bereu,23
Bereu,23
Bereu,23
Bereu,23
Bereu,23
Bereu,23
Bereu,23
Bereu,23
Bereu,23
Bereu,23
Bereu,23
Bereu,23
Bereu,23
Bereu,23
Bereu,23
Bereu,23
Bereu,23
Bereu,23
Bereu,23
Bereu,23
Bereu,23
Bereu,23
Bereu,23
Bereu,23
Bereu,23
Bereu,23
Bereu,23
Bereu,23
Bereu,23
Bereu,23
Bereu,23
Bereu,23
Bereu,23
Bereu,23
Bereu,23
Bereu,23
Bereu,23
Bereu,23
Bereu,23
Bereu,23
Bereu,23
Bereu,23
Bereu,23
Bereu,23
Bereu,23
Bereu,23
Bereu,23
Bereu,23
Bereu,23
Bereu,23
Bereu,23
Bereu,23
Bereu,23
Bereu,23
Bereu,23
Bereu,23
Bereu,23
Bereu,23
Bereu,23
Bereu,23
Bereu,23
Bereu,23
Bereu,23
Bereu,23
Bereu,23
Bereu,23
Bereu,23
Bereu,23
Bereu,23
Bereu,23
Bereu,23
Bereu,23
Bereu,23
Bereu,23
Bereu,23
Bereu,23
Bereu,23
Bereu,23
Bereu,23
Bereu,23
Bereu,23
Bereu,23
Bereu,23
Bereu,23
Bereu,23
Bereu,23
Bereu,23
Bereu,23
Bereu,23
Bereu,23
Bereu,23
Bereu,23
Bereu,23
Bereu,23
Bereu,23
Bereu,23
Bereu,23
Bereu,23
Bereu,23
Bereu,23
Bereu,23
Bereu,23
Bereu,23
Bereu,23
Bereu,23
Bereu,23
Bereu,23
Bereu,23
Bereu,23
Bereu,23
Bereu,23
Bereu,23
Bereu,23
Bereu,23
Bereu,23
Bereu,23
Bereu,23
Bereu,23
Bereu,23
Bereu,23
Bereu,23
Bereu,23
Bereu,23
Bereu,23
Bereu,23
Bereu,23
Bereu,23
Bereu,23
Bereu,23
Bereu,23
Bereu,23
Bereu,23
Bereu,23
Bereu,23
Bereu,23
Bereu,23
Bereu,23
Bereu,23
Bereu,23
Bereu,23
Bereu,23
Bereu,23
Bereu,23
Bereu,23
Bereu,23
Bereu,23
Bereu,23
Bereu,23
Bereu,23
Bereu,23
Bereu,23
Bereu,23
Bereu,23
Bereu,23
Bereu,23
Bereu,23
Bereu,23
Bereu,23
Bereu,23
Bereu,23
Bereu,23
Bereu,23
Bereu,23
Bereu,23
Bereu,23
Bereu,23
Bereu,23
Bereu,23
Bereu,23
Bereu,23
Bereu,23
Bereu,23
Bereu,23
Bereu,23
Bereu,23
Bereu,23
Bereu,23
Bereu,23
Bereu,23
Bereu,23
Bereu,23
Bereu,23
Bereu,23
Bereu,23
Bereu,23
Bereu,23
Bereu,23
Bereu,23
Bereu,23
Bereu,23
Bereu,23
Bereu,23
Bereu,23
Bereu,23
Bereu,23
Bereu,23
Bereu,23
Bereu,23
Bereu,23
Bereu,23
Bereu,23
Bereu,23
Bereu,23
Bereu,23
Bereu,23
Bereu,23
Bereu,23
Bereu,23
Bereu,23
Bereu,23
Bereu,23
Bereu,23
Bereu,23
Bereu,23
Bereu,23
Bereu,23
Bereu,23
Bereu,23
Bereu,23
Bereu,23
Bereu,23
Bereu,23
Bereu,23
Bereu,23
Bereu,23
Bereu,23
Bereu,23
Bereu,23
Bereu,23
Bereu,23
Bereu,23
Bereu,23
Bereu,23
Bereu,23
Bereu,23
Bereu,23
Bereu,23
Bereu,23
Bereu,23
Bereu,23
Bereu,23
Bereu,23
Bereu,23
Bereu,23
Bereu,23
Bereu,23
Bereu,23
Bereu,23
Bereu,23
Bereu,23
Bereu,23
Bereu,23
Bereu,23
Bereu,23
Bereu,23
Bereu,23
Bereu,23
Bereu,23
Bereu,23
Bereu,23
Bereu,23
Bereu,23
Bereu,23
Bereu,23
Bereu,23
Bereu,23
Bereu,23
Bereu,23
Bereu,23
Bereu,23
Bereu,23
Bereu,23
Bereu,23
Bereu,23
Bereu,23
Bereu,23
Bereu,23
Bereu,23
Bereu,23
Bereu,23
Bereu,23
Bereu,23
Bereu,23
Bereu,23
Bereu,23
Bereu,23
Bereu,23
Bereu,23
Bereu,23
Bereu,23
Bereu,23
Bereu,23
Bereu,23
Bereu,23
Bereu,23
Bereu,23
Bereu,23
Bereu,23
Bereu,23
Bereu,23
Bereu,23
Bereu,23
Bereu,23
Bereu,23
Bereu,23
Bereu,23
Bereu,23
Bereu,23
Bereu,23
Bereu,23
Bereu,23
Bereu,23
Bereu,23
Bereu,23
Bereu,23
Bereu,23
Bereu,23
Bereu,23
Bereu,23
Bereu,23
Bereu,23
Bereu,23
Bereu,23
Bereu,23
Bereu,23
Bereu,23
Bereu,23
Bereu,23
Bereu,23
Bereu,23
Bereu,23
Bereu,23
Bereu,23
Bereu,23
Bereu,23
Bereu,23
Bereu,23
Bereu,23
Bereu,23
Bereu,23
Bereu,23
Bereu,23
Bereu,23
Bereu,23
Bereu,23
Bereu,23
Bereu,23
Bereu,23
Bereu,23
Bereu,23
Bereu,23
Bereu,23
Bereu,23
Bereu,23
Bereu,23
Bereu,23
Bereu,23
Bereu,23
Bereu,23
Bereu,23
Bereu,23
Bereu,23
Bereu,23
Bereu,23
Bereu,23
Bereu,23
Bereu,23
Bereu,23
Bereu,23
Bereu,23
Bereu,23
Bereu,23
Bereu,23
Bereu,23
Bereu,23
Bereu,23
Bereu,23
Bereu,23
Bereu,23
Bereu,23
Bereu,23
Bereu,23
Bereu,23
Bereu,23
Bereu,23
Bereu,23
Bereu,23
Bereu,23
Bereu,23
Bereu,23
Bereu,23
Bereu,23
Bereu,23
Bereu,23
Bereu,23
Bereu,23
Bereu,23
Bereu,23
Bereu,23
Bereu,23
Bereu,23
Bereu,23
Bereu,23
Bereu,23
Bereu,23
Bereu,23
Bereu,23
Bereu,23
Bereu,23
Bereu,23
Bereu,23
Bereu,23
Bereu,23
Bereu,23
Bereu,23
Bereu,23
Bereu,23
Bereu,23
Bereu,23
Bereu,23
Bereu,23
Bereu,23
Bereu,23
Bereu,23
Bereu,23
Bereu,23
Bereu,23
Bereu,23
Bereu,23
Bereu,23
Bereu,23
Bereu,23
Bereu,23
Bereu,23
Bereu,23
Bereu,23
Bereu,23
Bereu,23
Bereu,23
Bereu,23
Bereu,23
Bereu,23
Bereu,23
Bereu,23
Bereu,23
Bereu,23
Bereu,23
Bereu,23
Bereu,23
Bereu,23
Bereu,23
Bereu,23
Bereu,23
Bereu,23
Bereu,23
Bereu,23
Bereu,23
Bereu,23
Bereu,23
Bereu,23
Bereu,23
Bereu,23
Bereu,23
Bereu,23
Bereu,23
Bereu,23
Bereu,23
Bereu,23
Bereu,23
Bereu,23
Bereu,23
Bereu,23
Bereu,23
Bereu,23
Bereu,23
Bereu,23
Bereu,23
Bereu,23
Bereu,23
Bereu,23
Bereu,23
Bereu,23
Bereu,23
Bereu,23
Bereu,23
Bereu,23
Bereu,23
Bereu,23
Bereu,23
Bereu,23
Bereu,23
Bereu,23
Bereu,23
Bereu,23
Bereu,23
Bereu,23
Bereu,23
Bereu,23
Bereu,23
Bereu,23
Bereu,23
Bereu,23
Bereu,23
Bereu,23
Bereu,23
Bereu,23
Bereu,23
Bereu,23
Bereu,23
Bereu,23
Bereu,23
Bereu,23
Bereu,23
Bereu,23
Bereu,23
Bereu,23
Bereu,23
Bereu,23
Bereu,23
Bereu,23
Bereu,23
Bereu,23
Bereu,23
Bereu,23
Bereu,23
Bereu,23
Bereu,23
Bereu,23
Bereu,23
Bereu,23
Bereu,23
Bereu,23
Bereu,23
Bereu,23
Bereu,23
Bereu,23
Bereu,23
Bereu,23
Bereu,23
Bereu,23
Bereu,23
Bereu,23
Bereu,23
Bereu,23
Bereu,23
Bereu,23
Bereu,23
Bereu,23
Bereu,23
Bereu,23
Bereu,23
Bereu,23
Bereu,23
Bereu,23
Bereu,23
Bereu,23
Bereu,23
Bereu,23
Bereu,23
Bereu,23
Bereu,23
Bereu,23
Bereu,23
Bereu,23
Bereu,23
Bereu,23
Bereu,23
Bereu,23
Bereu,23
Bereu,23
Bereu,23
Bereu,23
Bereu,23
Bereu,23
Bereu,23
Bereu,23
Bereu,23
Bereu,23
Bereu,23
Bereu,23
Bereu,23
Bereu,23
Bereu,23
Bereu,23
Bereu,23
Bereu,23
Bereu,23
Bereu,23
Bereu,23
Bereu,23
Bereu,23
Bereu,23
Bereu,23
Bereu,23
Bereu,23
Bereu,23
Bereu,23
Bereu,23
Bereu,23
Bereu,23
Bereu,23
Bereu,23
Bereu,23
Bereu,23
Bereu,23
Bereu,23
Bereu,23
Bereu,23
Bereu,23
Bereu,23
Bereu,23
Bereu,23
Bereu,23
Bereu,23
Bereu,23
Bereu,23
Bereu,23
Bereu,23
Bereu,23
Bereu,23
Bereu,23
Bereu,23
Bereu,23
Bereu,23
Bereu,23
Bereu,23
Bereu,23
Bereu,23
Bereu,23
Bereu,23
Bereu,23
Bereu,23
Bereu,23
Bereu,23
Bereu,23
Bereu,23
Bereu,23
Bereu,23
Bereu,23
Bereu,23
Bereu,23
Bereu,23
Bereu,23
Bereu,23
Bereu,23
Bereu,23
Bereu,23
Bereu,23
Bereu,23
Bereu,23
Bereu,23
Bereu,23
Bereu,23
Bereu,23
Bereu,23
Bereu,23
Bereu,23
Bereu,23
Bereu,23
Bereu,23
Bereu,23
Bereu,23
Bereu,23
Bereu,23
Bereu,23
Bereu,23
Bereu,23
Bereu,23
Bereu,23
Bereu,23
Bereu,23
Bereu,23
Bereu,23
Bereu,23
Bereu,23
Bereu,23
Bereu,23
Bereu,23
Bereu,23
Bereu,23
Bereu,23
Bereu,23
Bereu,23
Bereu,23
Bereu,23
Bereu,23
Bereu,23
Bereu,23
Bereu,23
Bereu,23
Bereu,23
Bereu,23
Bereu,23
Bereu,23
Bereu,23
Bereu,23
Bereu,23
Bereu,23
Bereu,23
Bereu,23
Bereu,23
Bereu,23
Bereu,23
Bereu,23
Bereu,23
Bereu,23
Bereu,23
Bereu,23
Bereu,23
Bereu,23
Bereu,23
Bereu,23
Bereu,23
Bereu,23
Bereu,23
Bereu,23
Bereu,23
Bereu,23
Bereu,23
Bereu,23
Bereu,23
Bereu,23
Bereu,23
Bereu,23
Bereu,23
Bereu,23
Bereu,23
Bereu,23
Bereu,23
Bereu,23
Bereu,23
Bereu,23
Bereu,23
Bereu,23
Bereu,23
Bereu,23
Bereu,23
Bereu,23
Bereu,23
Bereu,23
Bereu,23
Bereu,23
Bereu,23
Bereu,23
Bereu,23
Bereu,23
Bereu,23
Bereu,23
Bereu,23
Bereu,23
Bereu,23
Bereu,23
Bereu,23
Bereu,23
Bereu,23
Bereu,23
Bereu,23
Bereu,23
Bereu,23
Bereu,23
Bereu,23
Bereu,23
Bereu,23
Bereu,23
Bereu,23
Bereu,23
Bereu,23
Bereu,23
Bereu,23
Bereu,23
Bereu,23
Bereu,23
Bereu,23
Bereu,23
Bereu,23
Bereu,23
Bereu,23
Bereu,23
Bereu,23
Bereu,23
Bereu,23
Bereu,23
Bereu,23
Bereu,23
Bereu,23
Bereu,23
Bereu,23
Bereu,23
Bereu,23
Bereu,23
Bereu,23
Bereu,23
Bereu,23
Bereu,23
Bereu,23
Bereu,23
Bereu,23
Bereu,23
Bereu,23
Bereu,23
Bereu,23
Bereu,23
Bereu,23
Bereu,23
Bereu,23
Bereu,23
Bereu,23
Bereu,23
Bereu,23
Bereu,23
Bereu,23
Bereu,23
Bereu,23
Bereu,23
Bereu,23
Bereu,23
Bereu,23
Bereu,23
Bereu,23
Bereu,23
Bereu,23
Bereu,23
Bereu,23
Bereu,23
Bereu,23
Bereu,23
Bereu,23
Bereu,23
Bereu,23
Bereu,23
Bereu,23
Bereu,23
Bereu,23
Bereu,23
Bereu,23
Bereu,23
Bereu,23
Bereu,23
Bereu,23
Bereu,23
Bereu,23
Bereu,23
Bereu,23
Bereu,23
Bereu,23
Bereu,23
Bereu,23
Bereu,23
Bereu,23
Bereu,23
Bereu,23
Bereu,23
Bereu,23
Bereu,23
Bereu,23
Bereu,23
Bereu,23
Bereu,23
Bereu,23
Bereu,23
Bereu,23
Bereu,23
Bereu,23
Bereu,23
Bereu,23
Bereu,23
Bereu,23
Bereu,23
Bereu,23
Bereu,23
Bereu,23
Bereu,23
Bereu,23
Bereu,23
Bereu,23
Bereu,23
Bereu,23
Bereu,23
Bereu,23
Bereu,23
Bereu,23
Bereu,23
Bereu,23
Bereu,23
Bereu,23
Bereu,23
Bereu,23
Bereu,23
Bereu,23
Bereu,23
Bereu,23
Bereu,23
Bereu,23
Bereu,23
Bereu,23
Bereu,23
Bereu,23
Bereu,23
Bereu,23
Bereu,23
Bereu,23
Bereu,23
Bereu,23
Bereu,23
Bereu,23
Bereu,23
Bereu,23
Bereu,23
Bereu,23
Bereu,23
Bereu,23
Bereu,23
Bereu,23
Bereu,23
Bereu,23
Bereu,23
Bereu,23
Bereu,23
Bereu,23
Bereu,23
Bereu,23
Bereu,23
Bereu,23
Bereu,23
Bereu,23
Bereu,23
Bereu,23
Bereu,23
Bereu,23
Bereu,23
Bereu,23
Bereu,23
Bereu,23
Bereu,23
Bereu,23
Bereu,23
Bereu,23
Bereu,23
Bereu,23
Bereu,23
Bereu,23
Bereu,23
Bereu,23
Bereu,23
Bereu,23
Bereu,23
Bereu,23
Bereu,23
Bereu,23
Bereu,23
Bereu,23
Bereu,23
Bereu,23
Bereu,23
Bereu,23
Bereu,23
Bereu,23
Bereu,23
Bereu,23
Bereu,23
Bereu,23
Bereu,23
Bereu,23
Bereu,23
Bereu,23
Bereu,23
Bereu,23
Bereu,23
Bereu,23
Bereu,23
Bereu,23
Bereu,23
Bereu,23
Bereu,23
Bereu,23
Bereu,23
Bereu,23
Bereu,23
Bereu,23
Bereu,23
Bereu,23
Bereu,23
Bereu,23
Bereu,23
Bereu,23
Bereu,23
Bereu,23
Bereu,23
Bereu,23
Bereu,23
Bereu,23
Bereu,23
Bereu,23
Bereu,23
Bereu,23
Bereu,23
Bereu,23
Bereu,23
Bereu,23
Bereu,23
Bereu,23
Bereu,23
Bereu,23
Bereu,23
Bereu,23
Bereu,23
Bereu,23
Bereu,23
Bereu,23
Bereu,23
Bereu,23
Bereu,23
Bereu,23
Bereu,23
Bereu,23
Bereu,23
Bereu,23
Bereu,23
Bereu,23
Bereu,23
Bereu,23
Bereu,23
Bereu,23
Bereu,23
Bereu,23
Bereu,23
Bereu,23
Bereu,23
Bereu,23
Bereu,23
Bereu,23
Bereu,23
Bereu,23
Bereu,23
Bereu,23
Bereu,23
Bereu,23
Bereu,23
Bereu,23
Bereu,23
Bereu,23
Bereu,23
Bereu,23
Bereu,23
Bereu,23
Bereu,23
Bereu,23
Bereu,23
Bereu,23
Bereu,23
Bereu,23
Bereu,23
Bereu,23
Bereu,23
Bereu,23
Bereu,23
Bereu,23
Bereu,23
Bereu,23
Bereu,23
Bereu,23
Bereu,23
Bereu,23
Bereu,23
Bereu,23
Bereu,23
Bereu,23
Bereu,23
Bereu,23
Bereu,23
Bereu,23
Bereu,23
Bereu,23
Bereu,23
Bereu,23
Bereu,23
Bereu,23
Bereu,23
Bereu,23
Bereu,23
Bereu,23
Bereu,23
Bereu,23
Bereu,23
Bereu,23
Bereu,23
Bereu,23
Bereu,23
Bereu,23
Bereu,23
Bereu,23
Bereu,23
Bereu,23
Bereu,23
Bereu,23
Bereu,23
Bereu,23
Bereu,23
Bereu,23
Bereu,23
Bereu,23
Bereu,23
Bereu,23
Bereu,23
Bereu,23
Bereu,23
Bereu,23
Bereu,23
Bereu,23
Bereu,23
Bereu,23
Bereu,23
Bereu,23
Bereu,23
Bereu,23
Bereu,23
Bereu,23
Bereu,23
Bereu,23
Bereu,23
Bereu,23
Bereu,23
Bereu,23
Bereu,23
Bereu,23
Bereu,23
Bereu,23
Bereu,23
Bereu,23
Bereu,23
Bereu,23
Bereu,23
Bereu,23
Bereu,23
Bereu,23
Bereu,23
Bereu,23
Bereu,23
Bereu,23
Bereu,23
Bereu,23
Bereu,23
Bereu,23
Bereu,23
Bereu,23
Bereu,23
Bereu,23
Bereu,23
Bereu,23
Bereu,23
Bereu,23
Bereu,23
Bereu,23
Bereu,23
Bereu,23
Bereu,23
Bereu,23
Bereu,23
Bereu,23
Bereu,23
Bereu,23
Bereu,23
Bereu,23
Bereu,23
Bereu,23
Bereu,23
Bereu,23
Bereu,23
Bereu,23
Bereu,23
Bereu,23
Bereu,23
Bereu,23
Bereu,23
Bereu,23
Bereu,23
Bereu,23
Bereu,23
Bereu,23
Bereu,23
Bereu,23
Bereu,23
Bereu,23
Bereu,23
Bereu,23
Bereu,23
Bereu,23
Bereu,23
Bereu,23
Bereu,23
Bereu,23
Bereu,23
Bereu,23
Bereu,23
Bereu,23
Bereu,23
Bereu,23
Bereu,23
Bereu,23
Bereu,23
Bereu,23
Bereu,23
Bereu,23
Bereu,23
Bereu,23
Bereu,23
Bereu,23
Bereu,23
Bereu,23
Bereu,23
Bereu,23
Bereu,23
Bereu,23
Bereu,23
Bereu,23
Bereu,23
Bereu,23
Bereu,23
Bereu,23
Bereu,23
Bereu,23
Bereu,23
Bereu,23
Bereu,23
Bereu,23
Bereu,23
Bereu,23
Bereu,23
Bereu,23
Bereu,23
Bereu,23
Bereu,23
Bereu,23
Bereu,23
Bereu,23
Bereu,23
Bereu,23
Bereu,23
Bereu,23
Bereu,23
Bereu,23
Bereu,23
Bereu,23
Bereu,23
Bereu,23
Bereu,23
Bereu,23
Bereu,23
Bereu,23
Bereu,23
Bereu,23
Bereu,23
Bereu,23
Bereu,23
Bereu,23
Bereu,23
Bereu,23
Bereu,23
Bereu,23
Bereu,23
Bereu,23
Bereu,23
Bereu,23
Bereu,23
Bereu,23
Bereu,23
Bereu,23
Bereu,23
Bereu,23
Bereu,23
Bereu,23
Bereu,23
Bereu,23
Bereu,23
Bereu,23
Bereu,23
Bereu,23
Bereu,23
Bereu,23
Bereu,23
Bereu,23
Bereu,23
Bereu,23
Bereu,23
Bereu,23
Bereu,23
Bereu,23
Bereu,23
Bereu,23
Bereu,23
Bereu,23
Bereu,23
Bereu,23
Bereu,23
Bereu,23
Bereu,23
Bereu,23
Bereu,23
Bereu,23
Bereu,23
Bereu,23
Bereu,23
Bereu,23
Bereu,23
Bereu,23
Bereu,23
Bereu,23
Bereu,23
Bereu,23
Bereu,23
Bereu,23
Bereu,23
Bereu,23
Bereu,23
Bereu,23
Bereu,23
Bereu,23
Bereu,23
Bereu,23
Bereu,23
Bereu,23
Bereu,23
Bereu,23
Bereu,23
Bereu,23
Bereu,23
Bereu,23
Bereu,23
Bereu,23
Bereu,23
Bereu,23
Bereu,23
Bereu,23
Bereu,23
Bereu,23
Bereu,23
Bereu,23
Bereu,23
Bereu,23
Bereu,23
Bereu,23
Bereu,23
Bereu,23
Bereu,23
Bereu,23
Bereu,23
Bereu,23
Bereu,23
Bereu,23
Bereu,23
Bereu,23
Bereu,23
Bereu,23
Bereu,23
Bereu,23
Bereu,23
Bereu,23
Bereu,23
Bereu,23
Bereu,23
Bereu,23
Bereu,23
Bereu,23
Bereu,23
Bereu,23
Bereu,23
Bereu,23
Bereu,23
Bereu,23
Bereu,23
Bereu,23
Bereu,23
Bereu,23
Bereu,23
Bereu,23
Bereu,23
Bereu,23
Bereu,23
Bereu,23
Bereu,23
Bereu,23
Bereu,23
Bereu,23
Bereu,23
Bereu,23
Bereu,23
Bereu,23
Bereu,23
Bereu,23
Bereu,23
Bereu,23
Bereu,23
Bereu,23
Bereu,23
Bereu,23
Bereu,23
Bereu,23
Bereu,23
Bereu,23
Bereu,23
Bereu,23
Bereu,23
Bereu,23
Bereu,23
Bereu,23
Bereu,23
Bereu,23
Bereu,23
Bereu,23
Bereu,23
Bereu,23
Bereu,23
Bereu,23
Bereu,23
Bereu,23
Bereu,23
Bereu,23
Bereu,23
Bereu,23
Bereu,23
Bereu,23
Bereu,23
Bereu,23
Bereu,23
Bereu,23
Bereu,23
Bereu,23
Bereu,23
Bereu,23
Bereu,23
Bereu,23
Bereu,23
Bereu,23
Bereu,23
Bereu,23
Bereu,23
Bereu,23
Bereu,23
Bereu,23
Bereu,23
Bereu,23
Bereu,23
Bereu,23
Bereu,23
Bereu,23
Bereu,23
Bereu,23
Bereu,23
Bereu,23
Bereu,23
Bereu,23
Bereu,23
Bereu,23
Bereu,23
Bereu,23
Bereu,23
Bereu,23
Bereu,23
Bereu,23
Bereu,23
Bereu,23
Bereu,23
Bereu,23
Bereu,23
Bereu,23
Bereu,23
Bereu,23
Bereu,23
Bereu,23
Bereu,23
Bereu,23
Bereu,23
Bereu,23
Bereu,23
Bereu,23
Bereu,23
Bereu,23
Bereu,23
Bereu,23
Bereu,23
Bereu,23
Bereu,23
Bereu,23
Bereu,23
Bereu,23
Bereu,23
Bereu,23
Bereu,23
Bereu,23
Bereu,23
Bereu,23
Bereu,23
Bereu,23
Bereu,23
Bereu,23
Bereu,23
Bereu,23
Bereu,23
Bereu,23
Bereu,23
Bereu,23
Bereu,23
Bereu,23
Bereu,23
Bereu,23
Bereu,23
Bereu,23
Bereu,23
Bereu,23
Bereu,23
Bereu,23
Bereu,23
Bereu,23
Bereu,23
Bereu,23
Bereu,23
Bereu,23
Bereu,23
Bereu,23
Bereu,23
Bereu,23
Bereu,23
Bereu,23
Bereu,23
Bereu,23
Bereu,23
Bereu,23
Bereu,23
Bereu,23
Bereu,23
Bereu,23
Bereu,23
Bereu,23
Bereu,23
Bereu,23
Bereu,23
Bereu,23
Bereu,23
Bereu,23
Bereu,23
Bereu,23
Bereu,23
Bereu,23
Bereu,23
Bereu,23
Bereu,23
Bereu,23
Bereu,23
Bereu,23
Bereu,23
Bereu,23
Bereu,23
Bereu,23
Bereu,23
Bereu,23
Bereu,23
Bereu,23
Bereu,23
Bereu,23
Bereu,23
Bereu,23
Bereu,23
Bereu,23
Bereu,23
Bereu,23
Bereu,23
Bereu,23
Bereu,23
Bereu,23
Bereu,23
Bereu,23
Bereu,23
Bereu,23
Bereu,23
Bereu,23
Bereu,23
Bereu,23
Bereu,23
Bereu,23
Bereu,23
Bereu,23
Bereu,23
Bereu,23
Bereu,23
Bereu,23
Bereu,23
Bereu,23
Bereu,23
Bereu,23
Bereu,23
Bereu,23
Bereu,23
Bereu,23
Bereu,23
Bereu,23
Bereu,23
Bereu,23
Bereu,23
Bereu,23
Bereu,23
Bereu,23
Bereu,23
Bereu,23
Bereu,23
Bereu,23
Bereu,23
Bereu,23
Bereu,23
Bereu,23
Bereu,23
Bereu,23
Bereu,23
Bereu,23
Bereu,23
Bereu,23
Bereu,23
Bereu,23
Bereu,23
Bereu,23
Bereu,23
Bereu,23
Bereu,23
Bereu,23
Bereu,23
Bereu,23
Bereu,23
Bereu,23
Bereu,23
Bereu,23
Bereu,23
Bereu,23
Bereu,23
Bereu,23
Bereu,23
Bereu,23
Bereu,23
Bereu,23
Bereu,23
Bereu,23
Bereu,23
Bereu,23
Bereu,23
Bereu,23
Bereu,23
Bereu,23
Bereu,23
Bereu,23
Bereu,23
Bereu,23
Bereu,23
Bereu,23
Bereu,23
Bereu,23
Bereu,23
Bereu,23
Bereu,23
Bereu,23
Bereu,23
Bereu,23
Bereu,23
Bereu,23
Bereu,23
Bereu,23
Bereu,23
Bereu,23
Bereu,23
Bereu,23
Bereu,23
Bereu,23
Bereu,23
Bereu,23
Bereu,23
Bereu,23
Bereu,23
Bereu,23
Bereu,23
Bereu,23
Bereu,23
Bereu,23
Bereu,23
Bereu,23
Bereu,23
Bereu,23
Bereu,23
Bereu,23
Bereu,23
Bereu,23
Bereu,23
Bereu,23
Bereu,23
Bereu,23
Bereu,23
Bereu,23
Bereu,23
Bereu,23
Bereu,23
Bereu,23
Bereu,23
Bereu,23
Bereu,23
Bereu,23
Bereu,23
Bereu,23
Bereu,23
Bereu,23
Bereu,23
Bereu,23
Bereu,23
Bereu,23
Bereu,23
Bereu,23
Bereu,23
Bereu,23
Bereu,23
Bereu,23
Bereu,23
Bereu,23
Bereu,23
Bereu,23
Bereu,23
Bereu,23
Bereu,23
Bereu,23
Bereu,23
Bereu,23
Bereu,23
Bereu,23
Bereu,23
Bereu,23
Bereu,23
Bereu,23
Bereu,23
Bereu,23
Bereu,23
Bereu,23
Bereu,23
Bereu,23
Bereu,23
Bereu,23
Bereu,23
Bereu,23
Bereu,23
Bereu,23
Bereu,23
Bereu,23
Bereu,23
Bereu,23
Bereu,23
Bereu,23
Bereu,23
Bereu,23
Bereu,23
Bereu,23
Bereu,23
Bereu,23
Bereu,23
Bereu,23
Bereu,23
Bereu,23
Bereu,23
Bereu,23
Bereu,23
Bereu,23
Bereu,23
Bereu,23
Bereu,23
Bereu,23
Bereu,23
Bereu,23
Bereu,23
Bereu,23
Bereu,23
Bereu,23
Bereu,23
Bereu,23
Bereu,23
Bereu,23
Bereu,23
Bereu,23
Bereu,23
Bereu,23
Bereu,23
Bereu,23
Bereu,23
Bereu,23
Bereu,23
Bereu,23
Bereu,23
Bereu,23
Bereu,23
Bereu,23
Bereu,23
Bereu,23
Bereu,23
Bereu,23
Bereu,23
Bereu,23
Bereu,23
Bereu,23
Bereu,23
Bereu,23
Bereu,23
Bereu,23
Bereu,23
Bereu,23
Bereu,23
Bereu,23
Bereu,23
Bereu,23
Bereu,23
Bereu,23
Bereu,23
Bereu,23
Bereu,23
Bereu,23
Bereu,23
Bereu,23
Bereu,23
Bereu,23
Bereu,23
Bereu,23
Bereu,23
Bereu,23
Bereu,23
Bereu,23
Bereu,23
Bereu,23
Bereu,23
Bereu,23
Bereu,23
Bereu,23
Bereu,23
Bereu,23
Bereu,23
Bereu,23
Bereu,23
Bereu,23
Bereu,23
Bereu,23
Bereu,23
Bereu,23
Bereu,23
Bereu,23
Bereu,23
Bereu,23
Bereu,23
Bereu,23
Bereu,23
Bereu,23
Bereu,23
Bereu,23
Bereu,23
Bereu,23
Bereu,23
Bereu,23
Bereu,23
Bereu,23
Bereu,23
Bereu,23
Bereu,23
Bereu,23
Bereu,23
Bereu,23
Bereu,23
Bereu,23
Bereu,23
Bereu,23
Bereu,23
Bereu,23
Bereu,23
Bereu,23
Bereu,23
Bereu,23
Bereu,23
Bereu,23
Bereu,23
Bereu,23
Bereu,23
Bereu,23
Bereu,23
Bereu,23
Bereu,23
Bereu,23
Bereu,23
Bereu,23
Bereu,23
Bereu,23
Bereu,23
Bereu,23
Bereu,23
Bereu,23
Bereu,23
Bereu,23
Bereu,23
Bereu,23
Bereu,23
Bereu,23
Bereu,23
Bereu,23
Bereu,23
Bereu,23
Bereu,23
Bereu,23
Bereu,23
Bereu,23
Bereu,23
Bereu,23
Bereu,23
Bereu,23
Bereu,23
Bereu,23
Bereu,23
Bereu,23
Bereu,23
Bereu,23
Bereu,23
Bereu,23
Bereu,23
Bereu,23
Bereu,23
Bereu,23
Bereu,23
Bereu,23
Bereu,23
Bereu,23
Bereu,23
Bereu,23
Bereu,23
Bereu,23
Bereu,23
Bereu,23
Bereu,23
Bereu,23
Bereu,23
Bereu,23
Bereu,23
Bereu,23
Bereu,23
Bereu,23
Bereu,23
Bereu,23
Bereu,23
Bereu,23
Bereu,23
Bereu,23
Bereu,23
Bereu,23
Bereu,23
Bereu,23
Bereu,23
Bereu,23
Bereu,23
Bereu,23
Bereu,23
Bereu,23
Bereu,23
Bereu,23
Bereu,23
Bereu,23
Bereu,23
Bereu,23
Bereu,23
Bereu,23
Bereu,23
Bereu,23
Bereu,23
Bereu,23
Bereu,23
Bereu,23
Bereu,23
Bereu,23
Bereu,23
Bereu,23
Bereu,23
Bereu,23
Bereu,23
Bereu,23
Bereu,23
Bereu,23
Bereu,23
Bereu,23
Bereu,23
Bereu,23
Bereu,23
Bereu,23
Bereu,23
Bereu,23
Bereu,23
Bereu,23
Bereu,23
Bereu,23
Bereu,23
Bereu,23
Bereu,23
Bereu,23
Bereu,23
Bereu,23
Bereu,23
Bereu,23
Bereu,23
Bereu,23
Bereu,23
Bereu,23
Bereu,23
Bereu,23
Bereu,23
Bereu,23
Bereu,23
Bereu,23
Bereu,23
Bereu,23
Bereu,23
Bereu,23
Bereu,23
Bereu,23
Bereu,23
Bereu,23
Bereu,23
Bereu,23
Bereu,23
Bereu,23
Bereu,23
Bereu,23
Bereu,23
Bereu,23
Bereu,23
Bereu,23
Bereu,23
Bereu,23
Bereu,23
Bereu,23
Bereu,23
Bereu,23
Bereu,23
Bereu,23
Bereu,23
Bereu,23
Bereu,23
Bereu,23
Bereu,23
Bereu,23
Bereu,23
Bereu,23
Bereu,23
Bereu,23
Bereu,23
Bereu,23
Bereu,23
Bereu,23
Bereu,23
Bereu,23
Bereu,23
Bereu,23
Bereu,23
Bereu,23
Bereu,23
Bereu,23
Bereu,23
Bereu,23
Bereu,23
Bereu,23
Bereu,23
Bereu,23
Bereu,23
Bereu,23
Bereu,23
Bereu,23
Bereu,23
Bereu,23
Bereu,23
Bereu,23
Bereu,23
Bereu,23
Bereu,23
Bereu,23
Bereu,23
Bereu,23
Bereu,23
Bereu,23
Bereu,23
Bereu,23
Bereu,23
Bereu,23
Bereu,23
Bereu,23
Bereu,23
Bereu,23
Bereu,23
Bereu,23
Bereu,23
Bereu,23
Bereu,23
Bereu,23
Bereu,23
Bereu,23
Bereu,23
Bereu,23
Bereu,23
Bereu,23
Bereu,23
Bereu,23
Bereu,23
Bereu,23
Bereu,23
Bereu,23
Bereu,23
Bereu,23
Bereu,23
Bereu,23
Bereu,23
Bereu,23
Bereu,23
Bereu,23
Bereu,23
Bereu,23
Bereu,23
Bereu,23
Bereu,23
Bereu,23
Bereu,23
Bereu,23
Bereu,23
Bereu,23
Bereu,23
Bereu,23
Bereu,23
Bereu,23
Bereu,23
Bereu,23
Bereu,23
Bereu,23
Bereu,23
Bereu,23
Bereu,23
Bereu,23
Bereu,23
Bereu,23
Bereu,23
Bereu,23
Bereu,23
Bereu,23
Bereu,23
Bereu,23
Bereu,23
Bereu,23
Bereu,23
Bereu,23
Bereu,23
Bereu,23
Bereu,23
Bereu,23
Bereu,23
Bereu,23
Bereu,23
Bereu,23
Bereu,23
Bereu,23
Bereu,23
Bereu,23
Bereu,23
Bereu,23
Bereu,23
Bereu,23
Bereu,23
Bereu,23
Bereu,23
Bereu,23
Bereu,23
Bereu,23
Bereu,23
Bereu,23
Bereu,23
Bereu,23
Bereu,23
Bereu,23
Bereu,23
Bereu,23
Bereu,23
Bereu,23
Bereu,23
Bereu,23
Bereu,23
Bereu,23
Bereu,23
Bereu,23
Bereu,23
Bereu,23
Bereu,23
Bereu,23
Bereu,23
Bereu,23
Bereu,23
Bereu,23
Bereu,23
Bereu,23
Bereu,23
Bereu,23
Bereu,23
Bereu,23
Bereu,23
Bereu,23
Bereu,23
Bereu,23
Bereu,23
Bereu,23
Bereu,23
Bereu,23
Bereu,23
Bereu,23
Bereu,23
Bereu,23
Bereu,23
Bereu,23
Bereu,23
Bereu,23
Bereu,23
Bereu,23
Bereu,23
Bereu,23
Bereu,23
Bereu,23
Bereu,23
Bereu,23
Bereu,23
Bereu,23
Bereu,23
Bereu,23
Bereu,23
Bereu,23
Bereu,23
Bereu,23
Bereu,23
Bereu,23
Bereu,23
Bereu,23
Bereu,23
Bereu,23
Bereu,23
Bereu,23
Bereu,23
Bereu,23
Bereu,23
Bereu,23
Bereu,23
Bereu,23
Bereu,23
Bereu,23
Bereu,23
Bereu,23
Bereu,23
Bereu,23
Bereu,23
Bereu,23
Bereu,23
Bereu,23
Bereu,23
Bereu,23
Bereu,23
Bereu,23
Bereu,23
Bereu,23
Bereu,23
Bereu,23
Bereu,23
Bereu,23
Bereu,23
Bereu,23
Bereu,23
Bereu,23
Bereu,23
Bereu,23
Bereu,23
Bereu,23
Bereu,23
Bereu,23
Bereu,23
Bereu,23
Bereu,23
Bereu,23
Bereu,23
Bereu,23
Bereu,23
Bereu,23
Bereu,23
Bereu,23
Bereu,23
Bereu,23
Bereu,23
Bereu,23
Bereu,23
Bereu,23
Bereu,23
Bereu,23
Bereu,23
Bereu,23
Bereu,23
Bereu,23
Bereu,23
Bereu,23
Bereu,23
Bereu,23
Bereu,23
Bereu,23
Bereu,23
Bereu,23
Bereu,23
Bereu,23
Bereu,23
Bereu,23
Bereu,23
Bereu,23
Bereu,23
Bereu,23
Bereu,23
Bereu,23
Bereu,23
Bereu,23
Bereu,23
Bereu,23
Bereu,23
Bereu,23
Bereu,23
Bereu,23
Bereu,23
Bereu,23
Bereu,23
Bereu,23
Bereu,23
Bereu,23
Bereu,23
Bereu,23
Bereu,23
Bereu,23
Bereu,23
Bereu,23
Bereu,23
Bereu,23
Bereu,23
Bereu,23
Bereu,23
Bereu,23
Bereu,23
Bereu,23
Bereu,23
Bereu,23
Bereu,23
Bereu,23
Bereu,23
Bereu,23
Bereu,23
Bereu,23
Bereu,23
Bereu,23
Bereu,23
Bereu,23
Bereu,23
Bereu,23
Bereu,23
Bereu,23
Bereu,23
Bereu,23
Bereu,23
Bereu,23
Bereu,23
Bereu,23
Bereu,23
Bereu,23
Bereu,23
Bereu,23
Bereu,23
Bereu,23
Bereu,23
Bereu,23
Bereu,23
Bereu,23
Bereu,23
Bereu,23
Bereu,23
Bereu,23
Bereu,23
Bereu,23
Bereu,23
Bereu,23
Bereu,23
Bereu,23
Bereu,23
Bereu,23
Bereu,23
Bereu,23
Bereu,23
Bereu,23
Bereu,23
Bereu,23
Bereu,23
Bereu,23
Bereu,23
Bereu,23
Bereu,23
Bereu,23
Bereu,23
Bereu,23
Bereu,23
Bereu,23
Bereu,23
Bereu,23
Bereu,23
Bereu,23
Bereu,23
Bereu,23
Bereu,23
Bereu,23
Bereu,23
Bereu,23
Bereu,23
Bereu,23
Bereu,23
Bereu,23
Bereu,23
Bereu,23
Bereu,23
Bereu,23
Bereu,23
Bereu,23
Bereu,23
Bereu,23
Bereu,23
Bereu,23
Bereu,23
Bereu,23
Bereu,23
Bereu,23
Bereu,23
Bereu,23
Bereu,23
Bereu,23
Bereu,23
Bereu,23
Bereu,23
Bereu,23
Bereu,23
Bereu,23
Bereu,23
Bereu,23
Bereu,23
Bereu,23
Bereu,23
Bereu,23
Bereu,23
Bereu,23
Bereu,23
Bereu,23
Bereu,23
Bereu,23
Bereu,23
Bereu,23
Bereu,23
Bereu,23
Bereu,23
Bereu,23
Bereu,23
Bereu,23
Bereu,23
Bereu,23
Bereu,23
Bereu,23
Bereu,23
Bereu,23
Bereu,23
Bereu,23
Bereu,23
Bereu,23
Bereu,23
Bereu,23
Bereu,23
Bereu,23
Bereu,23
Bereu,23
Bereu,23
Bereu,23
Bereu,23
Bereu,23
Bereu,23
Bereu,23
Bereu,23
Bereu,23
Bereu,23
Bereu,23
Bereu,23
Bereu,23
Bereu,23
Bereu,23
Bereu,23
Bereu,23
Bereu,23
Bereu,23
Bereu,23
Bereu,23
Bereu,23
Bereu,23
Bereu,23
Bereu,23
Bereu,23
Bereu,23
Bereu,23
Bereu,23
Bereu,23
Bereu,23
Bereu,23
Bereu,23
Bereu,23
Bereu,23
Bereu,23
Bereu,23
Bereu,23
Bereu,23
Bereu,23
Bereu,23
Bereu,23
Bereu,23
Bereu,23
Bereu,23
Bereu,23
Bereu,23
Bereu,23
Bereu,23
Bereu,23
Bereu,23
Bereu,23
Bereu,23
Bereu,23
Bereu,23
Bereu,23
Bereu,23
Bereu,23
Bereu,23
Bereu,23
Bereu,23
Bereu,23
Bereu,23
Bereu,23
Bereu,23
Bereu,23
Bereu,23
Bereu,23
Bereu,23
Bereu,23
Bereu,23
Bereu,23
Bereu,23
Bereu,23
Bereu,23
Bereu,23
Bereu,23
Bereu,23
Bereu,23
Bereu,23
Bereu,23
Bereu,23
Bereu,23
Bereu,23
Bereu,23
Bereu,23
Bereu,23
Bereu,23
Bereu,23
Bereu,23
Bereu,23
Bereu,23
Bereu,23
Bereu,23
Bereu,23
Bereu,23
Bereu,23
Bereu,23
Bereu,23
Bereu,23
Bereu,23
Bereu,23
Bereu,23
Bereu,23
Bereu,23
Bereu,23
Bereu,23
Bereu,23
Bereu,23
Bereu,23
Bereu,23
Bereu,23
Bereu,23
Bereu,23
Bereu,23
Bereu,23
Bereu,23
Bereu,23
Bereu,23
Bereu,23
Bereu,23
Bereu,23
Bereu,23
Bereu,23
Bereu,23
Bereu,23
Bereu,23
Bereu,23
Bereu,23
Bereu,23
Bereu,23
Bereu,23
Bereu,23
Bereu,23
Bereu,23
Bereu,23
Bereu,23
Bereu,23
Bereu,23
Bereu,23
Bereu,23
Bereu,23
Bereu,23
Bereu,23
Bereu,23
Bereu,23
Bereu,23
Bereu,23
Bereu,23
Bereu,23
Bereu,23
Bereu,23
Bereu,23
Bereu,23
Bereu,23
Bereu,23
Bereu,23
Bereu,23
Bereu,23
Bereu,23
Bereu,23
Bereu,23
Bereu,23
Bereu,23
Bereu,23
Bereu,23
Bereu,23
Bereu,23
Bereu,23
Bereu,23
Bereu,23
Bereu,23
Bereu,23
Bereu,23
Bereu,23
Bereu,23
Bereu,23
Bereu,23
Bereu,23
Bereu,23
Bereu,23
Bereu,23
Bereu,23
Bereu,23
Bereu,23
Bereu,23
Bereu,23
Bereu,23
Bereu,23
Bereu,23
Bereu,23
Bereu,23
Bereu,23
Bereu,23
Bereu,23
Bereu,23
Bereu,23
Bereu,23
Bereu,23
Bereu,23
Bereu,23
Bereu,23
Bereu,23
Bereu,23
Bereu,23
Bereu,23
Bereu,23
Bereu,23
Bereu,23
Bereu,23
Bereu,23
Bereu,23
Bereu,23
Bereu,23
Bereu,23
Bereu,23
Bereu,23
Bereu,23
Bereu,23
Bereu,23
Bereu,23
Bereu,23
Bereu,23
Bereu,23
Bereu,23
Bereu,23
Bereu,23
Bereu,23
Bereu,23
Bereu,23
Bereu,23
Bereu,23
Bereu,23
Bereu,23
Bereu,23
Bereu,23
Bereu,23
Bereu,23
Bereu,23
Bereu,23
Bereu,23
Bereu,23
Bereu,23
Bereu,23
Bereu,23
Bereu,23
Bereu,23
Bereu,23
Bereu,23
Bereu,23
Bereu,23
Bereu,23
Bereu,23
Bereu,23
Bereu,23
Bereu,23
Bereu,23
Bereu,23
Bereu,23
Bereu,23
Bereu,23
Bereu,23
Bereu,23
Bereu,23
Bereu,23
Bereu,23
Bereu,23
Bereu,23
Bereu,23
Bereu,23
Bereu,23
Bereu,23
Bereu,23
Bereu,23
Bereu,23
Bereu,23
Bereu,23
Bereu,23
Bereu,23
Bereu,23
Bereu,23
Bereu,23
Bereu,23
Bereu,23
Bereu,23
Bereu,23
Bereu,23
Bereu,23
Bereu,23
Bereu,23
Bereu,23
Bereu,23
Bereu,23
Bereu,23
Bereu,23
Bereu,23
Bereu,23
Bereu,23
Bereu,23
Bereu,23
Bereu,23
Bereu,23
Bereu,23
Bereu,23
Bereu,23
Bereu,23
Bereu,23
Bereu,23
Bereu,23
Bereu,23
Bereu,23
Bereu,23
Bereu,23
Bereu,23
Bereu,23
Bereu,23
Bereu,23
Bereu,23
Bereu,23
Bereu,23
Bereu,23
Bereu,23
Bereu,23
Bereu,23
Bereu,23
Bereu,23
Bereu,23
Bereu,23
Bereu,23
Bereu,23
Bereu,23
Bereu,23
Bereu,23
Bereu,23
Bereu,23
Bereu,23
Bereu,23
Bereu,23
Bereu,23
Bereu,23
Bereu,23
Bereu,23
Bereu,23
Bereu,23
Bereu,23
Bereu,23
Bereu,23
Bereu,23
Bereu,23
Bereu,23
Bereu,23
Bereu,23
Bereu,23
Bereu,23
Bereu,23
Bereu,23
Bereu,23
Bereu,23
Bereu,23
Bereu,23
Bereu,23
Bereu,23
Bereu,23
Bereu,23
Bereu,23
Bereu,23
Bereu,23
Bereu,23
Bereu,23
Bereu,23
Bereu,23
Bereu,23
Bereu,23
Bereu,23
Bereu,23
Bereu,23
Bereu,23
Bereu,23
Bereu,23
Bereu,23
Bereu,23
Bereu,23
Bereu,23
Bereu,23
Bereu,23
Bereu,23
Bereu,23
Bereu,23
Bereu,23
Bereu,23
Bereu,23
Bereu,23
Bereu,23
Bereu,23
Bereu,23
Bereu,23
Bereu,23
Bereu,23
Bereu,23
Bereu,23
Bereu,23
Bereu,23
Bereu,23
Bereu,23
Bereu,23
Bereu,23
Bereu,23
Bereu,23
Bereu,23
Bereu,23
Bereu,23
Bereu,23
Bereu,23
Bereu,23
Bereu,23
Bereu,23
Bereu,23
Bereu,23
Bereu,23
Bereu,23
Bereu,23
Bereu,23
Bereu,23
Bereu,23
Bereu,23
Bereu,23
Bereu,23
Bereu,23
Bereu,23
Bereu,23
Bereu,23
Bereu,23
Bereu,23
Bereu,23
Bereu,23
Bereu,23
Bereu,23
Bereu,23
Bereu,23
Bereu,23
Bereu,23
Bereu,23
Bereu,23
Bereu,23
Bereu,23
Bereu,23
Bereu,23
Bereu,23
Bereu,23
Bereu,23
Bereu,23
Bereu,23
Bereu,23
Bereu,23
Bereu,23
Bereu,23
Bereu,23
Bereu,23
Bereu,23
Bereu,23
Bereu,23
Bereu,23
Bereu,23
Bereu,23
Bereu,23
Bereu,23
Bereu,23
Bereu,23
Bereu,23
Bereu,23
Bereu,23
Bereu,23
Bereu,23
Bereu,23
Bereu,23
Bereu,23
Bereu,23
Bereu,23
Bereu,23
Bereu,23
Bereu,23
Bereu,23
Bereu,23
Bereu,23
Bereu,23
Bereu,23
Bereu,23
Bereu,23
Bereu,23
Bereu,23
Bereu,23
Bereu,23
Bereu,23
Bereu,23
Bereu,23
Bereu,23
Bereu,23
Bereu,23
Bereu,23
Bereu,23
Bereu,23
Bereu,23
Bereu,23
Bereu,23
Bereu,23
Bereu,23
Bereu,23
Bereu,23
Bereu,23
Bereu,23
Bereu,23
Bereu,23
Bereu,23
Bereu,23
Bereu,23
Bereu,23
Bereu,23
Bereu,23
Bereu,23
Bereu,23
Bereu,23
Bereu,23
Bereu,23
Bereu,23
Bereu,23
Bereu,23
Bereu,23
Bereu,23
Bereu,23
Bereu,23
Bereu,23
Bereu,23
Bereu,23
Bereu,23
Bereu,23
Bereu,23
Bereu,23
Bereu,23
Bereu,23
Bereu,23
Bereu,23
Bereu,23
Bereu,23
Bereu,23
Bereu,23
Bereu,23
Bereu,23
Bereu,23
Bereu,23
Bereu,23
Bereu,23
Bereu,23
Bereu,23
Bereu,23
Bereu,23
Bereu,23
Bereu,23
Bereu,23
Bereu,23
Bereu,23
Bereu,23
Bereu,23
Bereu,23
Bereu,23
Bereu,23
Bereu,23
Bereu,23
Bereu,23
Bereu,23
Bereu,23
Bereu,23
Bereu,23
Bereu,23
Bereu,23
Bereu,23
Bereu,23
Bereu,23
Bereu,23
Bereu,23
Bereu,23
Bereu,23
Bereu,23
Bereu,23
Bereu,23
Bereu,23
Bereu,23
Bereu,23
Bereu,23
Bereu,23
Bereu,23
Bereu,23
Bereu,23
Bereu,23
Bereu,23
Bereu,23
Bereu,23
Bereu,23
Bereu,23
Bereu,23
Bereu,23
Bereu,23
Bereu,23
Bereu,23
Bereu,23
Bereu,23
Bereu,23
Bereu,23
Bereu,23
Bereu,23
Bereu,23
Bereu,23
Bereu,23
Bereu,23
Bereu,23
Bereu,23
Bereu,23
Bereu,23
Bereu,23
Bereu,23
Bereu,23
Bereu,23
Bereu,23
Bereu,23
Bereu,23
Bereu,23
Bereu,23
Bereu,23
Bereu,23
Bereu,23
Bereu,23
Bereu,23
Bereu,23
Bereu,23
Bereu,23
Bereu,23
Bereu,23
Bereu,23
Bereu,23
Bereu,23
Bereu,23
Bereu,23
Bereu,23
Bereu,23
Bereu,23
Bereu,23
Bereu,23
Bereu,23
Bereu,23
Bereu,23
Bereu,23
Bereu,23
Bereu,23
Bereu,23
Bereu,23
Bereu,23
Bereu,23
Bereu,23
Bereu,23
Bereu,23
Bereu,23
Bereu,23
Bereu,23
Bereu,23
Bereu,23
Bereu,23
Bereu,23
Bereu,23
Bereu,23
Bereu,23
Bereu,23
Bereu,23
Bereu,23
Bereu,23
Bereu,23
Bereu,23
Bereu,23
Bereu,23
Bereu,23
Bereu,23
Bereu,23
Bereu,23
Bereu,23
Bereu,23
Bereu,23
Bereu,23
Bereu,23
Bereu,23
Bereu,23
Bereu,23
Bereu,23
Bereu,23
Bereu,23
Bereu,23
Bereu,23
Bereu,23
Bereu,23
Bereu,23
Bereu,23
Bereu,23
Bereu,23
Bereu,23
Bereu,23
Bereu,23
Bereu,23
Bereu,23
Bereu,23
Bereu,23
Bereu,23
Bereu,23
Bereu,23
Bereu,23
Bereu,23
Bereu,23
Bereu,23
Bereu,23
Bereu,23
Bereu,23
Bereu,23
Bereu,23
Bereu,23
Bereu,23
Bereu,23
Bereu,23
Bereu,23
Bereu,23
Bereu,23
Bereu,23
Bereu,23
Bereu,23
Bereu,23
Bereu,23
Bereu,23
Bereu,23
Bereu,23
Bereu,23
Bereu,23
Bereu,23
Bereu,23
Bereu,23
Bereu,23
Bereu,23
Bereu,23
Bereu,23
Bereu,23
Bereu,23
Bereu,23
Bereu,23
Bereu,23
Bereu,23
Bereu,23
Bereu,23
Bereu,23
Bereu,23
Bereu,23
Bereu,23
Bereu,23
Bereu,23
Bereu,23
Bereu,23
Bereu,23
Bereu,23
Bereu,23
Bereu,23
Bereu,23
Bereu,23
Bereu,23
Bereu,23
Bereu,23
Bereu,23
Bereu,23
Bereu,23
Bereu,23
Bereu,23
Bereu,23
Bereu,23
Bereu,23
Bereu,23
Bereu,23
Bereu,23
Bereu,23
Bereu,23
Bereu,23
Bereu,23
Bereu,23
Bereu,23
Bereu,23
Bereu,23
Bereu,23
Bereu,23
Bereu,23
Bereu,23
Bereu,23
Bereu,23
Bereu,23
Bereu,23
Bereu,23
Bereu,23
Bereu,23
Bereu,23
Bereu,23
Bereu,23
Bereu,23
Bereu,23
Bereu,23
Bereu,23
Bereu,23
Bereu,23
Bereu,23
Bereu,23
Bereu,23
Bereu,23
Bereu,23
Bereu,23
Bereu,23
Bereu,23
Bereu,23
Bereu,23
Bereu,23
Bereu,23
Bereu,23
Bereu,23
Bereu,23
Bereu,23
Bereu,23
Bereu,23
Bereu,23
Bereu,23
Bereu,23
Bereu,23
Bereu,23
Bereu,23
Bereu,23
Bereu,23
Bereu,23
Bereu,23
Bereu,23
Bereu,23
Bereu,23
Bereu,23
Bereu,23
Bereu,23
Bereu,23
Bereu,23
Bereu,23
Bereu,23
Bereu,23
Bereu,23
Bereu,23
Bereu,23
Bereu,23
Bereu,23
Bereu,23
Bereu,23
Bereu,23
Bereu,23
Bereu,23
Bereu,23
Bereu,23
Bereu,23
Bereu,23
Bereu,23
Bereu,23
Bereu,23
Bereu,23
Bereu,23
Bereu,23
Bereu,23
Bereu,23
Bereu,23
Bereu,23
Bereu,23
Bereu,23
Bereu,23
Bereu,23
Bereu,23
Bereu,23
Bereu,23
Bereu,23
Bereu,23
Bereu,23
Bereu,23
Bereu,23
Bereu,23
Bereu,23
Bereu,23
Bereu,23
Bereu,23
Bereu,23
Bereu,23
Bereu,23
Bereu,23
Bereu,23
Bereu,23
Bereu,23
Bereu,23
Bereu,23
Bereu,23
Bereu,23
Bereu,23
Bereu,23
Bereu,23
Bereu,23
Bereu,23
Bereu,23
Bereu,23
Bereu,23
Bereu,23
Bereu,23
Bereu,23
Bereu,23
Bereu,23
Bereu,23
Bereu,23
Bereu,23
Bereu,23
Bereu,23
Bereu,23
Bereu,23
Bereu,23
Bereu,23
Bereu,23
Bereu,23
Bereu,23
Bereu,23
Bereu,23
Bereu,23
Bereu,23
Bereu,23
Bereu,23
Bereu,23
Bereu,23
Bereu,23
Bereu,23
Bereu,23
Bereu,23
Bereu,23
Bereu,23
Bereu,23
Bereu,23
Bereu,23
Bereu,23
Bereu,23
Bereu,23
Bereu,23
Bereu,23
Bereu,23
Bereu,23
Bereu,23
Bereu,23
Bereu,23
Bereu,23
Bereu,23
Bereu,23
Bereu,23
Bereu,23
Bereu,23
Bereu,23
Bereu,23
Bereu,23
Bereu,23
Bereu,23
Bereu,23
Bereu,23
Bereu,23
Bereu,23
Bereu,23
Bereu,23
Bereu,23
Bereu,23
Bereu,23
Bereu,23
Bereu,23
Bereu,23
Bereu,23
Bereu,23
Bereu,23
Bereu,23
Bereu,23
Bereu,23
Bereu,23
Bereu,23
Bereu,23
Bereu,23
Bereu,23
Bereu,23
Bereu,23
Bereu,23
Bereu,23
Bereu,23
Bereu,23
Bereu,23
Bereu,23
Bereu,23
Bereu,23
Bereu,23
Bereu,23
Bereu,23
Bereu,23
Bereu,23
Bereu,23
Bereu,23
Bereu,23
Bereu,23
Bereu,23
Bereu,23
Bereu,23
Bereu,23
Bereu,23
Bereu,23
Bereu,23
Bereu,23
Bereu,23
Bereu,23
Bereu,23
Bereu,23
Bereu,23
Bereu,23
Bereu,23
Bereu,23
Bereu,23
Bereu,23
Bereu,23
Bereu,23
Bereu,23
Bereu,23
Bereu,23
Bereu,23
Bereu,23
Bereu,23
Bereu,23
Bereu,23
Bereu,23
Bereu,23
Bereu,23
Bereu,23
Bereu,23
Bereu,23
Bereu,23
Bereu,23
Bereu,23
Bereu,23
Bereu,23
Bereu,23
Bereu,23
Bereu,23
Bereu,23
Bereu,23
Bereu,23
Bereu,23
Bereu,23
Bereu,23
Bereu,23
Bereu,23
Bereu,23
Bereu,23
Bereu,23
Bereu,23
Bereu,23
Bereu,23
Bereu,23
Bereu,23
Bereu,23
Bereu,23
Bereu,23
Bereu,23
Bereu,23
Bereu,23
Bereu,23
Bereu,23
Bereu,23
Bereu,23
Bereu,23
Bereu,23
Bereu,23
Bereu,23
Bereu,23
Bereu,23
Bereu,23
Bereu,23
Bereu,23
Bereu,23
Bereu,23
Bereu,23
Bereu,23
Bereu,23
Bereu,23
Bereu,23
Bereu,23
Bereu,23
Bereu,23
Bereu,23
Bereu,23
Bereu,23
Bereu,23
Bereu,23
Bereu,23
Bereu,23
Bereu,23
Bereu,23
Bereu,23
Bereu,23
Bereu,23
Bereu,23
Bereu,23
Bereu,23
Bereu,23
Bereu,23
Bereu,23
Bereu,23
Bereu,23
Bereu,23
Bereu,23
Bereu,23
Bereu,23
Bereu,23
Bereu,23
Bereu,23
Bereu,23
Bereu,23
Bereu,23
Bereu,23
Bereu,23
Bereu,23
Bereu,23
Bereu,23
Bereu,23
Bereu,23
Bereu,23
Bereu,23
Bereu,23
Bereu,23
Bereu,23
Bereu,23
Bereu,23
Bereu,23
Bereu,23
Bereu,23
Bereu,23
Bereu,23
Bereu,23
Bereu,23
Bereu,23
Bereu,23
Bereu,23
Bereu,23
Bereu,23
Bereu,23
Bereu,23
Bereu,23
Bereu,23
Bereu,23
Bereu,23
Bereu,23
Bereu,23
Bereu,23
Bereu,23
Bereu,23
Bereu,23
Bereu,23
Bereu,23
Bereu,23
Bereu,23
Bereu,23
Bereu,23
Bereu,23
Bereu,23
Bereu,23
Bereu,23
Bereu,23
Bereu,23
Bereu,23
Bereu,23
Bereu,23
Bereu,23
Bereu,23
Bereu,23
Bereu,23
Bereu,23
Bereu,23
Bereu,23
Bereu,23
Bereu,23
Bereu,23
Bereu,23
Bereu,23
Bereu,23
Bereu,23
Bereu,23
Bereu,23
Bereu,23
Bereu,23
Bereu,23
Bereu,23
Bereu,23
Bereu,23
Bereu,23
Bereu,23
Bereu,23
Bereu,23
Bereu,23
Bereu,23
Bereu,23
Bereu,23
Bereu,23
Bereu,23
Bereu,23
Bereu,23
Bereu,23
Bereu,23
Bereu,23
Bereu,23
Bereu,23
Bereu,23
Bereu,23
Bereu,23
Bereu,23
Bereu,23
Bereu,23
Bereu,23
Bereu,23
Bereu,23
Bereu,23
Bereu,23
Bereu,23
Bereu,23
Bereu,23
Bereu,23
Bereu,23
Bereu,23
Bereu,23
Bereu,23
Bereu,23
Bereu,23
Bereu,23
Bereu,23
Bereu,23
Bereu,23
Bereu,23
Bereu,23
Bereu,23
Bereu,23
Bereu,23
Bereu,23
Bereu,23
Bereu,23
Bereu,23
Bereu,23
Bereu,23
Bereu,23
Bereu,23
Bereu,23
Bereu,23
Bereu,23
Bereu,23
Bereu,23
Bereu,23
Bereu,23
Bereu,23
Bereu,23
Bereu,23
Bereu,23
Bereu,23
Bereu,23
Bereu,23
Bereu,23
Bereu,23
Bereu,23
Bereu,23
Bereu,23
Bereu,23
Bereu,23
Bereu,23
Bereu,23
Bereu,23
Bereu,23
Bereu,23
Bereu,23
Bereu,23
Bereu,23
Bereu,23
Bereu,23
Bereu,23
Bereu,23
Bereu,23
Bereu,23
Bereu,23
Bereu,23
Bereu,23
Bereu,23
Bereu,23
Bereu,23
Bereu,23
Bereu,23
Bereu,23
Bereu,23
Bereu,23
Bereu,23
Bereu,23
Bereu,23
Bereu,23
Bereu,23
Bereu,23
Bereu,23
Bereu,23
Bereu,23
Bereu,23
Bereu,23
Bereu,23
Bereu,23
Bereu,23
Bereu,23
Bereu,23
Bereu,23
Bereu,23
Bereu,23
Bereu,23
Bereu,23
Bereu,23
Bereu,23
Bereu,23
Bereu,23
Bereu,23
Bereu,23
Bereu,23
Bereu,23
Bereu,23
Bereu,23
Bereu,23
Bereu,23
Bereu,23
Bereu,23
Bereu,23
Bereu,23
Bereu,23
Bereu,23
Bereu,23
Bereu,23
Bereu,23
Bereu,23
Bereu,23
Bereu,23
Bereu,23
Bereu,23
Bereu,23
Bereu,23
Bereu,23
Bereu,23
Bereu,23
Bereu,23
Bereu,23
Bereu,23
Bereu,23
Bereu,23
Bereu,23
Bereu,23
Bereu,23
Bereu,23
